[-114.50; -113.50; -114.25; -113.50; -112.75; -114.75; -114.25; -115.75; -115.00; -114.00; -106.75; -113.75; -114.75; -112.50; -113.75; -115.00; -114.50; -116.25; -113.50; -114.00; -113.50; -115.75; -112.75; -115.00; -117.00; -117.50; -116.75; -90.00; -116.25; -115.75; -116.25; -114.25; -115.00; -119.25; -115.00; -116.75; -117.25; -113.50; -117.25; -117.75; -115.25; -115.25; -117.25; -115.75; -117.25; -114.75; -115.00; -116.50; -115.25; -115.00; -116.25; -113.75; -103.75; -114.75; -115.25; -115.00; -116.00; -115.75; -115.00; -114.75; -118.00; -115.75; -116.50; -116.50; -118.00; -117.25; -116.50; -117.25; -115.00; -118.00; -113.75; -113.75; -116.50; -116.50; -114.50; -117.25; -118.75; -118.75; -116.50; -118.75; -118.00; -118.00; -115.75; -118.00; -119.50; -114.25; -117.25; -118.75; -114.25; -119.50; -118.00; -118.00; -117.25; -120.25; -119.50; -115.25; -104.75; -103.75; -97.50; -102.75; -106.00]
[-113.75; -111.75; -113.75; -112.50; -113.25; -115.25; -115.00; -114.25; -114.25; -115.25; -105.25; -114.00; -112.75; -115.00; -113.25; -110.00; -113.50; -114.50; -115.00; -114.25; -115.75; -116.50; -115.75; -115.50; -116.75; -116.75; -116.25; -113.50; -116.75; -117.00; -116.50; -116.50; -115.00; -114.75; -117.25; -115.25; -117.00; -118.75; -116.50; -118.00; -116.50; -115.75; -117.75; -115.50; -116.25; -115.50; -116.25; -117.00; -116.75; -116.00; -116.25; -116.50; -106.00; -111.25; -112.75; -115.00; -116.75; -115.00; -115.00; -116.75; -114.00; -114.00; -114.00; -112.50; -114.00; -114.00; -113.25; -114.00; -112.50; -114.00; -112.50; -113.25; -114.00; -114.00; -114.00; -114.00; -114.00; -114.00; -114.00; -114.00; -114.00; -113.25; -114.00; -114.00; -114.00; -113.25; -114.00; -114.00; -114.00; -114.00; -114.00; -114.00; -114.00; -114.00; -114.00; -111.75; -92.00; -100.50; -100.00; -95.00; -108.75]
[-109.00; -109.00; -109.00; -109.00; -109.00; -109.00; -109.00; -109.00; -109.00; -109.75; -106.00; -109.75; -109.00; -109.75; -109.75; -109.00; -109.00; -109.75; -109.00; -115.75; -115.75; -115.00; -116.50; -116.50; -111.00; -111.00; -115.75; -114.75; -117.25; -115.75; -114.50; -115.25; -114.25; -116.00; -117.25; -115.75; -115.50; -116.75; -115.50; -116.25; -117.25; -115.00; -115.00; -117.75; -115.25; -113.75; -116.25; -114.75; -117.25; -116.75; -115.75; -116.50; -115.25; -116.50; -114.75; -115.75; -114.25; -116.50; -114.50; -114.25; -116.25; -114.75; -114.75; -114.75; -115.50; -113.25; -114.00; -115.50; -115.50; -116.25; -114.00; -116.25; -117.00; -116.25; -116.25; -116.25; -116.25; -117.00; -115.50; -117.00; -116.25; -114.75; -116.25; -117.00; -116.25; -116.25; -117.00; -114.75; -117.00; -117.00; -116.25; -116.25; -116.25; -116.25; -116.25; -109.75; -102.00; -105.25; -95.25; -97.25; -101.75]
[-113.75; -113.50; -111.75; -111.00; -114.75; -110.75; -111.50; -114.25; -114.00; -112.50; -106.50; -112.50; -115.00; -115.00; -115.75; -114.75; -114.75; -113.50; -116.00; -115.00; -114.50; -117.25; -114.25; -115.00; -115.75; -115.25; -114.25; -115.00; -114.75; -117.00; -115.50; -99.50; -116.75; -115.00; -116.50; -117.25; -115.00; -114.75; -117.00; -114.50; -116.25; -116.25; -116.25; -117.25; -116.25; -113.50; -115.75; -117.25; -115.00; -116.00; -116.25; -115.75; -116.00; -116.25; -109.25; -116.25; -107.25; -116.50; -116.00; -113.50; -117.50; -112.75; -116.00; -114.75; -114.75; -114.25; -116.00; -117.00; -114.75; -117.25; -113.75; -118.75; -117.75; -117.75; -117.25; -118.00; -118.75; -118.00; -117.75; -114.75; -120.00; -118.50; -117.25; -117.75; -119.50; -116.50; -117.25; -118.75; -118.75; -117.25; -117.75; -118.50; -118.00; -119.25; -118.00; -113.25; -99.75; -94.50; -99.25; -95.50; -105.50]
[-111.00; -112.75; -113.75; -111.25; -114.25; -115.00; -112.25; -113.75; -115.50; -113.75; -106.00; -115.00; -112.00; -113.50; -112.50; -116.75; -113.25; -115.50; -106.75; -116.00; -115.75; -114.00; -114.75; -115.75; -116.50; -114.25; -113.75; -116.00; -114.50; -116.75; -114.75; -112.25; -115.25; -115.00; -114.50; -117.25; -115.00; -115.75; -114.00; -115.00; -117.25; -116.00; -114.50; -116.50; -116.00; -114.50; -117.25; -116.75; -116.75; -116.75; -116.00; -115.75; -118.25; -103.50; -115.50; -117.00; -109.50; -117.00; -115.50; -112.00; -117.00; -114.75; -116.25; -117.00; -117.00; -117.00; -115.50; -116.25; -116.25; -117.75; -113.50; -117.75; -117.75; -117.75; -116.25; -117.00; -117.75; -115.50; -114.00; -116.25; -118.50; -117.75; -115.50; -118.00; -118.00; -115.50; -117.75; -118.75; -117.00; -117.75; -118.50; -118.75; -118.50; -119.50; -116.50; -114.00; -99.25; -101.75; -103.00; -102.50; -105.50]
[-106.75; -106.75; -106.00; -106.00; -106.75; -106.75; -106.75; -106.75; -106.75; -106.75; -105.25; -106.75; -106.75; -106.75; -106.75; -113.25; -112.25; -113.50; -114.75; -116.75; -113.75; -116.50; -116.50; -114.25; -115.50; -114.25; -114.00; -114.00; -114.00; -115.75; -117.00; -111.75; -116.50; -117.75; -114.50; -115.00; -117.50; -116.25; -115.75; -116.50; -116.75; -115.75; -117.75; -115.00; -117.25; -112.75; -115.00; -117.00; -117.25; -114.75; -116.50; -113.50; -114.50; -116.75; -114.00; -113.75; -114.75; -116.50; -116.75; -114.75; -115.75; -116.50; -115.25; -115.00; -116.75; -115.00; -115.75; -117.25; -114.25; -116.00; -114.25; -115.75; -117.25; -117.25; -119.25; -118.50; -118.75; -119.50; -118.00; -116.00; -118.50; -117.00; -117.00; -118.50; -118.00; -119.50; -117.25; -117.00; -118.50; -118.50; -118.00; -115.75; -118.75; -117.25; -115.25; -109.00; -94.50; -99.50; -103.00; -102.75; -108.25]
[-111.25; -111.50; -111.25; -113.25; -111.75; -104.50; -113.50; -113.50; -104.75; -112.50; -106.75; -101.25; -115.00; -114.75; -114.25; -115.50; -115.75; -115.25; -110.25; -115.50; -115.00; -113.25; -113.50; -113.00; -114.25; -114.75; -115.00; -114.25; -115.75; -117.25; -115.75; -116.50; -113.50; -114.25; -116.50; -113.50; -117.75; -117.25; -114.25; -115.75; -115.00; -116.25; -117.25; -116.50; -115.75; -114.00; -115.75; -115.50; -116.50; -114.75; -116.00; -116.25; -115.00; -113.50; -108.00; -118.00; -114.75; -116.75; -116.25; -115.50; -118.75; -115.75; -118.00; -116.00; -117.25; -117.25; -114.00; -116.50; -117.25; -118.00; -114.25; -118.00; -117.25; -117.75; -117.25; -117.25; -118.00; -118.75; -117.75; -117.75; -119.50; -117.25; -117.50; -118.50; -118.75; -118.75; -119.25; -117.50; -115.75; -117.50; -118.50; -115.75; -120.00; -118.75; -120.00; -109.00; -98.50; -105.75; -103.25; -102.25; -102.50]
[-112.25; -110.75; -111.00; -112.00; -112.75; -113.50; -114.25; -114.25; -113.00; -114.25; -106.75; -116.00; -113.50; -116.50; -114.50; -115.75; -113.50; -115.00; -115.75; -113.50; -113.50; -113.00; -113.25; -114.75; -102.50; -114.75; -116.75; -117.25; -116.50; -114.75; -117.25; -113.00; -116.50; -114.75; -116.25; -116.50; -114.75; -113.50; -117.25; -117.75; -117.00; -116.75; -116.75; -117.25; -116.75; -114.25; -115.50; -115.25; -114.50; -116.25; -116.00; -115.75; -115.25; -116.50; -115.25; -115.50; -115.50; -95.00; -115.50; -115.00; -116.00; -116.50; -115.75; -117.25; -115.75; -114.75; -114.25; -114.25; -117.00; -117.25; -113.25; -118.00; -118.50; -118.00; -119.25; -117.00; -117.75; -117.50; -119.50; -119.50; -117.50; -115.00; -106.75; -117.75; -118.75; -118.00; -117.25; -116.50; -118.50; -118.50; -119.25; -119.50; -120.00; -118.00; -118.50; -111.00; -91.00; -95.50; -99.50; -102.75; -99.25]
[-111.75; -111.75; -113.75; -111.25; -112.75; -114.00; -115.00; -115.00; -114.25; -114.25; -107.25; -108.00; -115.25; -114.25; -112.50; -113.50; -115.50; -113.00; -111.75; -117.25; -114.50; -115.50; -116.00; -115.75; -113.50; -106.50; -114.75; -111.75; -111.00; -111.00; -111.00; -111.00; -111.00; -111.75; -111.00; -111.00; -111.75; -111.75; -111.75; -111.00; -111.75; -111.75; -111.00; -111.00; -111.00; -111.00; -111.00; -111.00; -111.75; -111.75; -111.00; -111.00; -111.00; -111.00; -111.00; -114.75; -115.25; -115.75; -113.00; -115.75; -117.25; -114.25; -114.25; -117.00; -117.75; -116.50; -117.25; -116.25; -115.50; -114.75; -114.00; -118.50; -120.00; -118.50; -117.75; -117.75; -116.50; -118.50; -119.25; -120.00; -117.75; -117.00; -117.00; -117.25; -118.50; -119.25; -118.50; -120.00; -118.50; -118.50; -117.75; -117.75; -119.25; -116.50; -117.00; -112.25; -101.75; -97.75; -96.50; -104.00; -106.00]
[-113.75; -113.00; -114.50; -112.75; -111.25; -114.25; -114.00; -112.75; -115.25; -114.50; -107.00; -114.25; -115.75; -114.75; -108.25; -112.50; -113.00; -114.50; -114.50; -115.75; -115.75; -116.25; -114.00; -115.25; -112.25; -112.25; -109.00; -109.75; -109.75; -109.00; -109.75; -116.50; -116.50; -115.75; -117.00; -116.25; -117.25; -116.75; -115.75; -116.50; -114.75; -117.00; -116.75; -115.25; -117.25; -113.50; -116.75; -116.75; -116.50; -116.50; -114.50; -115.50; -116.50; -116.00; -114.50; -116.50; -114.25; -117.75; -117.25; -116.50; -117.25; -111.50; -114.25; -118.00; -117.50; -116.75; -117.25; -117.25; -117.50; -117.50; -114.00; -114.25; -116.50; -117.25; -117.75; -117.25; -117.75; -117.75; -117.75; -118.75; -117.75; -117.25; -114.25; -115.00; -115.00; -114.25; -115.00; -115.00; -115.00; -115.00; -115.00; -115.00; -115.00; -114.25; -115.00; -113.50; -99.75; -96.00; -101.75; -101.50; -103.75]
[-114.25; -113.00; -113.25; -105.75; -113.00; -115.00; -103.00; -113.50; -114.25; -114.75; -107.00; -109.50; -110.00; -114.50; -114.25; -113.50; -113.00; -112.25; -112.00; -115.75; -114.00; -114.25; -114.50; -115.75; -106.75; -114.75; -113.25; -106.75; -114.25; -116.50; -115.75; -114.00; -117.25; -115.75; -116.75; -116.50; -117.25; -113.50; -115.25; -116.50; -116.25; -116.25; -116.00; -117.25; -116.75; -112.50; -116.50; -116.50; -114.50; -116.75; -117.50; -117.00; -117.25; -115.75; -92.25; -115.25; -114.00; -116.50; -116.25; -115.00; -118.00; -116.25; -116.75; -116.50; -117.00; -117.25; -113.50; -116.25; -117.25; -117.50; -114.00; -117.50; -119.50; -115.75; -117.50; -118.75; -118.00; -117.25; -118.50; -119.25; -118.50; -115.75; -117.00; -118.50; -117.50; -118.50; -120.75; -120.00; -119.25; -119.25; -119.50; -119.50; -119.50; -118.50; -118.50; -113.50; -100.75; -105.25; -106.75; -105.25; -112.00]
[-113.75; -114.25; -114.50; -113.00; -111.50; -114.75; -110.00; -114.00; -114.50; -114.75; -106.25; -112.75; -114.75; -111.75; -113.50; -112.75; -115.75; -116.50; -112.75; -116.25; -114.50; -116.00; -117.00; -112.00; -116.50; -116.50; -116.50; -115.25; -114.25; -114.00; -117.00; -116.25; -116.50; -116.50; -116.25; -116.50; -116.25; -117.25; -113.50; -115.75; -115.75; -115.75; -116.00; -116.25; -117.00; -114.25; -117.00; -115.75; -115.75; -113.50; -115.50; -112.75; -116.00; -117.50; -106.75; -115.75; -112.00; -115.00; -116.00; -114.50; -118.00; -116.50; -114.25; -116.50; -117.50; -111.75; -116.00; -118.50; -114.00; -117.50; -114.25; -118.50; -117.75; -117.25; -117.50; -117.25; -117.25; -117.75; -117.00; -118.00; -118.75; -117.25; -116.25; -118.50; -119.50; -118.00; -119.25; -118.00; -118.50; -119.25; -118.50; -117.00; -118.50; -119.50; -114.75; -113.75; -100.75; -101.25; -102.75; -96.25; -106.50]
[-112.75; -111.75; -111.50; -111.00; -114.50; -114.75; -113.25; -111.75; -114.75; -115.25; -106.25; -113.25; -115.75; -115.50; -114.50; -114.50; -95.50; -114.25; -113.50; -114.50; -114.50; -113.75; -113.75; -116.75; -116.00; -113.25; -114.50; -116.00; -114.50; -116.75; -116.50; -114.50; -116.50; -116.75; -116.50; -117.25; -116.75; -115.75; -116.75; -116.25; -116.25; -115.75; -115.75; -117.00; -114.25; -113.50; -116.00; -114.75; -117.25; -114.50; -116.50; -115.50; -113.75; -115.75; -115.50; -116.25; -111.75; -115.50; -114.00; -114.75; -112.50; -115.50; -114.00; -115.50; -115.50; -115.50; -114.00; -115.50; -116.25; -116.25; -112.50; -116.25; -116.25; -115.50; -116.25; -117.00; -117.00; -116.25; -116.25; -117.00; -117.00; -113.25; -116.25; -117.00; -117.00; -116.25; -116.25; -117.00; -116.25; -114.75; -116.25; -117.00; -116.25; -117.00; -116.25; -111.00; -102.50; -105.00; -91.00; -103.50; -109.25]
[-110.50; -113.50; -110.00; -111.50; -114.75; -111.50; -111.75; -113.75; -112.00; -112.75; -107.00; -111.75; -112.00; -115.25; -114.00; -112.50; -115.50; -115.00; -115.25; -115.50; -116.00; -106.75; -106.75; -106.75; -118.00; -112.00; -111.25; -112.00; -111.25; -112.00; -108.25; -112.00; -112.00; -112.00; -112.00; -112.00; -112.00; -112.00; -112.00; -111.25; -112.00; -112.00; -112.00; -112.00; -112.00; -112.00; -111.25; -112.75; -112.00; -112.00; -112.00; -112.00; -112.00; -112.00; -112.00; -112.00; -111.25; -112.00; -112.00; -113.25; -116.50; -114.25; -116.25; -117.25; -114.50; -116.00; -116.00; -115.00; -115.75; -116.75; -112.75; -117.25; -118.00; -116.00; -117.50; -120.00; -116.25; -118.50; -117.75; -117.75; -118.50; -116.50; -116.50; -118.50; -114.50; -118.75; -118.75; -116.25; -118.00; -119.25; -117.75; -118.50; -119.25; -117.50; -118.50; -112.75; -102.00; -95.75; -102.50; -102.50; -107.00]
[-106.00; -106.75; -106.75; -106.00; -106.75; -106.75; -106.75; -106.75; -106.75; -106.75; -106.00; -106.75; -106.75; -106.75; -106.75; -106.75; -106.75; -106.75; -99.25; -106.75; -106.75; -106.75; -106.75; -106.75; -106.75; -106.75; -106.75; -117.25; -117.25; -115.50; -116.25; -116.50; -114.25; -114.75; -117.25; -116.25; -115.75; -117.25; -116.50; -115.75; -117.75; -115.75; -116.00; -117.00; -116.50; -114.50; -113.00; -118.50; -117.75; -115.25; -115.75; -114.00; -117.25; -114.50; -115.25; -115.50; -115.50; -116.75; -117.50; -115.50; -118.25; -112.75; -116.75; -116.75; -116.25; -116.25; -116.75; -116.25; -116.00; -117.50; -114.50; -117.50; -117.50; -116.25; -116.75; -118.25; -119.75; -113.75; -116.75; -117.50; -116.25; -116.75; -116.75; -119.00; -115.50; -119.75; -119.00; -119.00; -118.25; -117.50; -119.00; -115.25; -118.25; -119.75; -114.75; -111.75; -104.50; -103.25; -102.50; -102.00; -106.75]
[-109.75; -110.75; -113.75; -109.00; -112.25; -114.75; -112.75; -114.50; -114.25; -110.25; -107.00; -114.50; -112.75; -95.50; -114.75; -112.50; -116.25; -114.25; -115.75; -116.50; -105.75; -98.00; -117.00; -112.50; -113.50; -116.25; -115.25; -114.50; -115.25; -117.25; -117.25; -106.75; -116.50; -117.50; -112.75; -116.00; -118.50; -113.50; -115.75; -117.25; -116.00; -115.75; -117.00; -115.75; -117.25; -112.50; -115.75; -116.50; -113.75; -115.75; -116.25; -115.75; -115.00; -116.50; -114.25; -115.50; -114.25; -114.25; -117.25; -110.00; -110.75; -110.00; -110.75; -110.00; -110.75; -110.00; -110.00; -110.75; -110.00; -110.75; -110.00; -110.75; -110.75; -110.75; -110.75; -110.75; -110.75; -110.75; -110.75; -110.00; -110.75; -110.75; -110.75; -110.75; -110.75; -110.75; -110.75; -110.00; -110.75; -110.75; -110.00; -110.75; -110.75; -110.75; -110.75; -110.00; -103.25; -103.25; -102.75; -93.00; -100.50]
[-109.25; -110.00; -110.00; -109.25; -110.00; -109.25; -109.25; -110.00; -110.00; -110.00; -106.25; -110.00; -110.00; -110.75; -110.00; -116.00; -112.50; -111.25; -115.75; -115.75; -99.00; -110.50; -116.50; -117.25; -113.00; -112.25; -115.25; -111.75; -111.00; -111.00; -111.00; -111.00; -111.00; -111.00; -110.25; -111.00; -111.75; -111.00; -111.75; -111.00; -111.00; -111.75; -111.00; -111.75; -111.75; -111.00; -111.00; -111.00; -111.00; -111.00; -111.00; -111.00; -111.00; -107.50; -106.75; -115.75; -114.50; -115.25; -116.50; -116.25; -116.25; -113.00; -116.25; -114.50; -113.50; -112.25; -112.00; -116.75; -116.25; -117.00; -113.50; -117.25; -119.50; -117.75; -117.50; -117.25; -118.00; -115.75; -118.00; -117.75; -116.25; -115.75; -116.25; -117.25; -117.50; -119.50; -117.50; -118.75; -119.25; -119.25; -117.75; -117.75; -118.00; -116.50; -117.25; -114.00; -104.50; -105.50; -103.25; -101.75; -108.25]
[-112.50; -113.25; -111.00; -112.50; -111.00; -113.25; -112.50; -112.50; -113.25; -113.25; -106.50; -113.25; -112.75; -107.25; -113.75; -116.00; -114.25; -115.00; -116.50; -113.50; -114.00; -112.00; -78.25; -107.75; -107.75; -116.00; -116.75; -116.75; -113.75; -111.75; -111.00; -107.50; -116.75; -116.00; -115.00; -117.50; -116.00; -117.75; -115.75; -114.50; -116.50; -117.00; -117.25; -118.50; -115.00; -113.50; -116.75; -115.75; -115.75; -117.00; -116.25; -112.50; -109.25; -108.25; -115.50; -115.25; -114.50; -111.75; -117.00; -115.25; -117.75; -115.25; -113.75; -115.75; -115.75; -115.50; -114.25; -116.25; -116.00; -116.50; -113.50; -115.75; -120.25; -117.25; -113.50; -117.75; -118.75; -116.50; -116.75; -117.25; -117.50; -116.50; -117.25; -119.50; -120.25; -116.50; -118.75; -118.50; -118.50; -115.75; -117.50; -119.25; -117.50; -117.50; -118.75; -114.50; -104.50; -106.00; -104.00; -103.00; -107.00]
[-112.50; -112.50; -111.00; -111.75; -112.50; -111.00; -113.25; -112.50; -113.25; -112.50; -106.50; -113.25; -111.75; -115.00; -94.75; -114.75; -116.25; -113.25; -108.25; -104.75; -104.75; -115.50; -117.25; -112.75; -115.25; -116.00; -98.50; -115.25; -115.25; -115.25; -110.00; -114.50; -114.50; -115.25; -113.75; -115.25; -115.25; -114.50; -114.50; -115.25; -115.25; -114.50; -115.25; -115.25; -115.25; -112.25; -114.50; -115.25; -114.50; -114.50; -115.25; -113.00; -109.25; -107.25; -106.50; -117.25; -104.75; -116.25; -114.00; -116.00; -116.50; -114.25; -114.75; -117.25; -115.75; -111.75; -114.75; -116.00; -115.75; -114.75; -113.50; -116.50; -116.50; -116.75; -115.75; -117.25; -117.50; -118.00; -119.25; -118.75; -116.75; -116.25; -116.50; -117.25; -118.00; -118.50; -116.75; -117.00; -117.00; -117.50; -118.50; -118.50; -118.75; -119.50; -116.50; -112.50; -100.75; -107.50; -104.25; -94.25; -106.75]
[-113.75; -111.75; -111.75; -111.25; -111.25; -112.75; -114.25; -113.50; -112.75; -111.75; -107.25; -111.75; -113.75; -97.50; -114.25; -115.00; -116.50; -115.00; -100.50; -114.25; -114.75; -113.00; -112.25; -113.00; -113.00; -114.00; -114.25; -112.75; -117.00; -116.00; -116.50; -115.75; -116.25; -114.75; -113.75; -118.50; -115.50; -115.25; -116.50; -117.00; -115.75; -116.50; -117.00; -116.25; -115.00; -113.50; -114.50; -116.00; -114.25; -114.25; -116.50; -103.50; -112.00; -108.25; -105.75; -116.25; -106.75; -108.25; -114.25; -116.25; -113.75; -114.25; -116.75; -113.50; -117.25; -117.25; -116.50; -116.75; -115.75; -117.00; -114.75; -118.75; -118.00; -117.25; -115.00; -118.00; -118.50; -118.00; -119.25; -117.50; -117.25; -115.75; -113.75; -117.75; -117.75; -120.25; -118.00; -118.75; -117.75; -119.25; -117.25; -117.25; -117.75; -118.00; -118.75; -112.50; -102.25; -106.75; -99.75; -96.50; -107.75]
[-106.75; -106.75; -106.00; -106.00; -106.75; -106.75; -106.75; -106.75; -106.00; -106.75; -104.50; -106.75; -106.75; -104.50; -106.75; -106.75; -106.75; -106.75; -106.75; -106.75; -106.75; -116.00; -116.25; -115.75; -116.50; -115.50; -94.00; -110.00; -118.00; -117.00; -112.00; -112.00; -112.00; -112.00; -112.00; -112.00; -112.00; -112.00; -112.00; -117.25; -117.00; -116.00; -116.75; -117.25; -117.25; -114.75; -115.25; -116.00; -116.25; -115.00; -115.75; -112.00; -108.25; -116.00; -104.50; -116.25; -105.50; -112.00; -114.50; -115.25; -116.75; -116.75; -115.25; -114.50; -116.75; -114.50; -112.25; -116.75; -116.75; -118.25; -113.25; -117.50; -115.25; -117.50; -116.75; -118.25; -118.25; -118.25; -117.50; -116.00; -114.50; -116.00; -116.75; -117.50; -117.50; -117.50; -118.25; -118.25; -117.50; -117.50; -117.50; -115.25; -118.25; -118.25; -118.25; -113.00; -103.75; -106.50; -102.50; -100.25; -99.75]
[-113.50; -113.00; -112.75; -112.25; -112.75; -114.50; -105.75; -105.75; -105.75; -105.75; -105.00; -105.75; -105.75; -105.75; -105.75; -105.75; -105.75; -105.75; -105.75; -117.00; -116.25; -116.25; -116.50; -98.75; -114.00; -114.75; -115.25; -114.25; -117.00; -117.00; -98.25; -116.75; -116.75; -118.25; -116.25; -116.25; -95.50; -115.00; -115.00; -117.25; -117.25; -118.00; -116.50; -117.00; -117.00; -114.25; -115.75; -116.00; -115.25; -114.50; -115.75; -116.00; -109.00; -115.75; -105.75; -117.25; -115.50; -116.50; -117.75; -116.75; -117.25; -114.00; -115.75; -114.50; -114.25; -114.50; -115.75; -115.25; -116.00; -116.25; -114.00; -119.25; -119.50; -117.75; -116.75; -115.75; -118.50; -117.00; -117.25; -117.25; -118.00; -117.00; -115.75; -118.75; -118.75; -117.50; -119.25; -117.25; -117.25; -117.50; -118.00; -117.25; -119.25; -118.50; -116.00; -115.75; -102.75; -105.75; -99.00; -100.75; -106.00]
[-113.75; -113.00; -111.50; -111.25; -113.50; -111.25; -111.50; -113.25; -109.25; -109.25; -106.25; -109.25; -110.00; -110.00; -110.00; -110.00; -110.00; -110.75; -110.00; -113.50; -114.25; -113.00; -113.75; -113.25; -114.50; -87.75; -114.75; -117.25; -116.25; -113.25; -114.75; -109.00; -115.00; -115.00; -117.25; -116.00; -117.50; -117.25; -114.75; -117.75; -117.00; -115.50; -114.25; -115.75; -115.50; -113.25; -115.50; -115.75; -116.75; -114.25; -117.00; -117.00; -110.75; -107.50; -114.25; -116.75; -108.50; -113.75; -115.75; -110.25; -117.00; -116.00; -117.75; -116.75; -117.25; -111.75; -114.25; -117.00; -117.25; -116.50; -114.00; -118.00; -118.75; -118.50; -117.25; -117.25; -115.00; -116.75; -118.50; -119.50; -118.50; -117.25; -117.25; -118.50; -119.25; -118.75; -117.50; -117.25; -118.75; -117.25; -115.25; -117.25; -118.50; -120.25; -118.75; -112.25; -103.75; -106.75; -103.75; -100.50; -107.00]
[-113.50; -112.50; -113.75; -113.25; -108.00; -108.75; -108.75; -108.75; -108.00; -111.50; -106.25; -115.75; -115.00; -115.75; -115.75; -115.00; -115.75; -116.50; -113.25; -112.50; -114.00; -112.75; -116.50; -113.50; -116.25; -118.00; -114.75; -92.50; -115.50; -114.25; -117.00; -109.75; -114.25; -115.75; -114.75; -116.50; -117.25; -116.00; -116.75; -118.00; -117.25; -117.25; -116.75; -117.00; -115.00; -114.00; -116.50; -116.25; -117.25; -117.00; -116.75; -116.25; -110.00; -105.50; -106.50; -114.75; -114.75; -114.50; -117.00; -116.25; -117.75; -115.75; -117.25; -113.50; -115.50; -116.00; -114.75; -115.50; -116.25; -117.25; -113.75; -117.25; -114.25; -116.75; -116.50; -118.00; -117.50; -117.00; -117.75; -116.50; -117.50; -116.25; -116.25; -118.25; -119.00; -119.00; -119.75; -119.00; -118.25; -119.00; -118.25; -119.00; -117.50; -119.75; -118.25; -113.50; -92.75; -106.00; -100.00; -94.75; -105.75]
[-111.25; -110.50; -112.75; -112.75; -111.50; -102.75; -110.75; -112.50; -114.75; -114.00; -107.00; -114.50; -113.50; -114.75; -115.25; -114.75; -93.75; -114.75; -110.25; -116.25; -115.50; -116.00; -113.00; -113.75; -114.50; -115.25; -113.75; -116.00; -89.75; -116.00; -114.50; -116.75; -116.75; -113.25; -116.00; -116.75; -116.75; -116.00; -117.50; -116.75; -117.50; -116.00; -116.00; -116.00; -116.75; -114.50; -115.25; -116.75; -116.00; -116.75; -116.00; -110.25; -115.25; -106.00; -114.50; -115.75; -107.25; -108.25; -115.00; -114.25; -117.25; -114.00; -115.75; -116.25; -114.25; -115.25; -114.25; -117.00; -117.00; -117.00; -114.50; -117.50; -118.50; -117.50; -117.75; -116.50; -117.25; -117.75; -116.00; -117.25; -118.00; -117.00; -116.25; -116.75; -119.25; -118.50; -118.50; -120.00; -119.25; -117.75; -118.75; -117.75; -117.25; -117.25; -117.25; -114.50; -103.00; -104.75; -103.00; -102.50; -106.50]
[-110.50; -113.50; -112.75; -105.75; -114.00; -111.25; -111.00; -114.50; -114.00; -113.75; -107.00; -114.50; -113.50; -115.25; -113.25; -112.50; -114.25; -112.75; -114.25; -114.25; -114.50; -113.25; -113.75; -115.00; -113.50; -114.75; -113.75; -114.50; -114.50; -116.00; -116.75; -116.00; -115.75; -117.50; -117.00; -115.00; -117.00; -115.00; -113.75; -115.75; -115.75; -114.00; -116.50; -114.75; -115.75; -114.25; -115.50; -117.00; -116.50; -116.00; -116.50; -109.75; -112.00; -112.75; -115.00; -116.25; -111.25; -108.00; -118.75; -115.00; -116.75; -113.00; -117.50; -113.50; -116.00; -115.25; -116.75; -116.75; -116.00; -117.50; -113.75; -118.25; -118.25; -117.50; -113.75; -117.50; -116.75; -117.50; -116.00; -116.75; -117.50; -116.75; -116.00; -117.50; -117.50; -118.25; -117.50; -118.25; -117.50; -117.50; -117.50; -116.75; -118.25; -117.50; -117.50; -112.25; -103.00; -105.25; -102.75; -102.25; -107.00]
[-113.50; -113.00; -110.50; -112.50; -114.25; -111.00; -113.50; -111.25; -111.25; -114.75; -106.75; -115.75; -115.25; -116.25; -112.75; -112.50; -102.50; -115.25; -114.75; -109.75; -109.75; -114.75; -113.75; -114.00; -114.50; -116.75; -112.00; -114.75; -116.75; -115.00; -113.00; -115.25; -115.00; -114.50; -116.00; -115.75; -112.75; -116.50; -116.50; -115.00; -116.25; -115.75; -116.25; -115.00; -114.25; -114.50; -116.00; -115.75; -117.75; -116.00; -114.50; -116.50; -115.50; -105.25; -114.50; -115.00; -106.00; -112.50; -115.25; -111.25; -116.25; -115.50; -114.00; -115.50; -114.75; -117.75; -116.25; -115.50; -117.00; -117.75; -114.00; -117.75; -118.50; -118.50; -117.00; -114.25; -117.75; -117.75; -117.75; -117.75; -117.75; -117.75; -116.25; -116.25; -117.75; -117.75; -117.75; -117.75; -117.75; -117.00; -117.75; -114.75; -118.50; -118.50; -117.75; -112.50; -100.50; -105.75; -101.50; -93.00; -105.50]
[-113.25; -113.00; -111.25; -111.25; -110.75; -114.00; -114.00; -111.25; -112.75; -112.75; -106.75; -111.50; -112.75; -113.50; -112.25; -112.25; -115.25; -114.50; -108.75; -116.50; -112.50; -116.25; -114.75; -113.50; -116.75; -114.50; -114.25; -116.50; -116.00; -116.25; -115.00; -86.75; -115.75; -117.25; -115.75; -117.25; -117.25; -115.75; -115.75; -115.25; -115.00; -117.25; -115.25; -115.75; -115.25; -113.00; -113.75; -115.25; -115.75; -115.75; -115.25; -114.25; -116.25; -114.75; -114.50; -116.50; -110.50; -109.75; -117.25; -110.50; -113.75; -115.25; -114.00; -116.25; -115.75; -115.50; -115.50; -115.50; -113.75; -119.00; -113.75; -114.75; -118.25; -118.25; -114.25; -119.00; -117.50; -117.75; -119.00; -117.50; -118.25; -116.25; -114.50; -117.75; -117.50; -118.50; -118.50; -119.25; -119.00; -118.25; -117.75; -118.50; -118.25; -116.25; -117.75; -113.50; -103.00; -105.25; -94.75; -102.25; -105.75]
[-109.00; -109.00; -109.00; -109.00; -108.25; -109.00; -109.00; -109.00; -109.00; -109.00; -106.00; -109.75; -109.00; -109.00; -109.75; -109.75; -108.25; -109.75; -111.00; -114.25; -113.25; -111.00; -112.00; -116.25; -116.25; -117.00; -117.00; -114.25; -115.50; -117.75; -102.50; -108.25; -116.75; -115.75; -117.25; -115.75; -113.50; -117.25; -101.00; -113.75; -117.25; -116.00; -117.25; -117.50; -115.00; -115.75; -115.00; -115.75; -117.00; -114.25; -113.50; -115.25; -114.25; -111.50; -114.25; -113.25; -108.00; -117.00; -112.75; -112.75; -117.25; -112.75; -115.00; -115.25; -114.25; -111.25; -114.00; -117.00; -117.00; -117.50; -114.00; -117.50; -118.50; -118.75; -117.00; -115.25; -117.25; -117.75; -119.50; -118.00; -117.75; -116.75; -116.25; -114.25; -120.25; -117.75; -119.25; -118.75; -118.75; -119.50; -118.50; -118.00; -118.50; -116.25; -114.75; -111.75; -99.25; -104.50; -101.50; -100.00; -105.25]
[-110.25; -114.00; -111.00; -112.00; -113.25; -113.75; -112.00; -114.25; -112.75; -114.50; -107.00; -108.25; -108.75; -105.75; -105.75; -105.75; -105.75; -105.75; -104.25; -82.25; -79.50; -84.25; -114.75; -115.25; -115.75; -114.50; -116.75; -117.00; -117.00; -116.25; -115.50; -109.25; -117.25; -116.50; -116.50; -116.50; -116.75; -117.25; -117.25; -114.50; -117.00; -115.75; -114.25; -118.00; -114.25; -112.75; -117.00; -116.00; -116.25; -114.25; -115.75; -116.50; -112.00; -115.25; -114.75; -116.00; -113.00; -114.25; -113.00; -114.50; -118.50; -115.50; -116.75; -117.75; -115.75; -116.50; -116.25; -114.75; -116.75; -117.75; -113.50; -117.50; -116.00; -117.50; -117.50; -118.25; -116.75; -117.50; -118.25; -117.75; -119.00; -116.75; -116.75; -116.25; -118.50; -116.25; -119.25; -116.75; -119.00; -119.75; -118.25; -118.25; -117.50; -115.25; -118.50; -113.25; -93.25; -104.50; -102.25; -99.50; -105.75]
[-115.25; -110.75; -110.75; -106.75; -106.75; -106.75; -106.75; -106.75; -106.75; -106.75; -105.25; -106.75; -106.75; -106.75; -101.50; -106.75; -106.00; -106.75; -113.50; -76.75; -107.75; -107.75; -107.75; -107.75; -107.75; -107.75; -107.75; -117.50; -114.00; -114.00; -109.75; -112.25; -116.75; -114.75; -115.75; -116.75; -116.50; -117.00; -116.00; -116.00; -116.75; -116.75; -115.50; -116.75; -116.00; -115.00; -116.25; -117.00; -116.00; -117.75; -115.00; -112.50; -115.50; -115.25; -109.00; -116.50; -107.00; -112.50; -116.50; -111.75; -116.00; -113.00; -115.50; -117.50; -117.00; -116.25; -115.00; -116.25; -115.00; -117.75; -113.25; -117.00; -118.50; -117.25; -117.75; -118.50; -118.50; -118.50; -117.75; -117.25; -117.50; -116.25; -99.75; -118.75; -117.50; -116.25; -118.75; -117.75; -118.00; -114.25; -117.50; -116.75; -119.50; -117.00; -115.00; -112.50; -103.00; -101.25; -103.00; -102.25; -103.25]
[-107.00; -107.00; -107.75; -107.00; -107.00; -107.75; -107.75; -107.75; -107.75; -107.75; -105.50; -107.75; -107.00; -107.00; -107.75; -107.75; -107.00; -107.75; -107.75; -107.75; -107.75; -107.75; -107.75; -107.00; -114.25; -116.25; -111.50; -114.25; -116.25; -116.50; -114.25; -115.75; -116.25; -117.50; -116.25; -114.25; -116.50; -116.00; -115.75; -116.75; -116.50; -113.50; -116.75; -115.25; -116.75; -114.00; -115.00; -116.50; -116.50; -115.25; -115.75; -106.75; -114.50; -113.25; -115.50; -115.25; -114.25; -117.50; -115.00; -115.75; -118.00; -113.25; -116.50; -116.25; -114.25; -117.25; -116.50; -117.50; -117.00; -116.50; -114.50; -117.50; -115.00; -118.50; -117.50; -116.25; -118.75; -117.25; -118.75; -118.50; -116.50; -115.75; -116.00; -118.00; -116.75; -117.50; -117.50; -116.25; -119.25; -119.50; -118.50; -118.50; -118.75; -118.00; -117.75; -112.50; -104.50; -105.75; -100.00; -102.00; -106.00]
[-113.50; -113.00; -111.50; -111.75; -114.50; -112.25; -114.75; -114.75; -113.00; -115.00; -106.75; -114.25; -112.00; -115.00; -114.00; -115.25; -113.00; -112.50; -116.25; -107.00; -107.75; -107.00; -106.25; -107.75; -107.75; -112.00; -116.00; -116.00; -115.25; -117.50; -113.00; -113.00; -113.00; -113.00; -112.25; -113.00; -112.25; -113.00; -113.00; -113.00; -113.00; -113.00; -113.00; -113.00; -112.25; -112.25; -113.00; -112.25; -112.25; -112.25; -115.25; -95.00; -106.75; -106.75; -104.50; -114.25; -113.50; -114.25; -115.00; -114.25; -117.00; -112.00; -116.50; -116.75; -115.50; -117.25; -114.25; -113.00; -116.75; -117.00; -113.25; -117.50; -118.75; -115.25; -117.00; -119.25; -114.25; -117.25; -117.75; -114.25; -110.75; -110.75; -110.00; -110.75; -110.75; -110.75; -110.75; -110.75; -110.75; -110.75; -110.00; -110.75; -110.75; -110.75; -110.75; -110.00; -104.50; -105.50; -99.50; -100.75; -104.25]
[-113.00; -113.25; -112.75; -110.25; -114.50; -111.50; -114.25; -113.75; -113.00; -115.50; -106.75; -114.00; -113.50; -114.25; -115.25; -114.75; -115.75; -113.75; -114.75; -115.00; -115.00; -116.25; -115.75; -115.25; -115.00; -116.00; -114.75; -116.50; -115.50; -117.00; -117.25; -104.00; -117.75; -117.00; -116.00; -116.50; -116.50; -116.00; -117.25; -113.50; -116.50; -117.25; -113.50; -114.50; -115.75; -114.00; -115.00; -116.75; -114.25; -115.00; -116.25; -114.75; -114.75; -114.25; -104.50; -116.50; -115.75; -117.00; -116.50; -113.75; -117.50; -112.75; -114.25; -117.25; -117.25; -117.25; -115.25; -117.25; -116.00; -117.50; -113.00; -116.50; -119.25; -117.50; -117.25; -118.75; -117.25; -118.00; -118.75; -116.75; -117.50; -114.25; -115.75; -118.75; -115.75; -117.75; -118.50; -115.75; -118.00; -118.00; -119.25; -119.50; -119.50; -118.75; -120.00; -112.25; -104.75; -98.50; -103.00; -92.50; -96.00]
[-112.75; -114.25; -112.25; -111.25; -111.50; -114.00; -111.25; -114.75; -114.00; -112.50; -107.00; -109.75; -114.25; -115.75; -112.25; -113.25; -116.00; -111.25; -114.50; -115.75; -114.25; -116.75; -116.75; -114.00; -115.50; -117.00; -114.00; -116.25; -114.25; -115.00; -115.75; -113.50; -115.00; -116.75; -115.50; -117.25; -115.75; -114.25; -117.25; -114.50; -114.50; -117.00; -117.25; -116.75; -112.75; -113.00; -117.00; -114.25; -115.00; -114.25; -113.25; -116.25; -116.50; -113.75; -115.25; -116.50; -80.00; -109.75; -113.25; -115.00; -113.00; -113.00; -112.25; -113.00; -112.25; -113.00; -113.00; -112.25; -113.00; -113.00; -112.25; -113.00; -113.00; -113.00; -113.00; -112.25; -113.00; -113.00; -113.00; -113.00; -113.75; -113.00; -113.00; -113.00; -113.00; -113.00; -112.25; -113.00; -113.75; -113.00; -113.00; -113.00; -113.00; -113.00; -113.00; -112.25; -104.25; -106.25; -96.75; -100.50; -105.50]
[-112.25; -111.50; -112.25; -112.25; -110.75; -111.50; -112.25; -110.75; -111.50; -112.25; -106.50; -112.25; -105.75; -107.00; -113.00; -112.75; -113.50; -116.00; -112.75; -116.50; -114.50; -112.75; -114.50; -116.50; -116.00; -113.75; -116.50; -116.00; -118.00; -115.75; -116.00; -115.25; -114.75; -116.75; -116.75; -114.75; -115.00; -116.50; -115.25; -115.50; -116.75; -116.50; -116.75; -116.50; -117.25; -114.50; -116.00; -114.75; -117.25; -115.25; -116.00; -117.50; -115.50; -115.50; -115.25; -116.75; -116.00; -115.75; -116.00; -116.50; -116.00; -112.75; -113.25; -113.75; -113.75; -113.50; -112.50; -117.50; -116.75; -117.50; -113.50; -117.50; -118.25; -118.25; -115.50; -117.50; -118.25; -117.50; -118.25; -117.50; -118.25; -116.75; -115.50; -116.25; -116.25; -115.50; -118.25; -119.75; -117.50; -119.00; -117.50; -115.25; -118.25; -119.75; -118.25; -114.75; -102.50; -100.25; -102.00; -100.75; -105.75]
[-113.00; -111.75; -113.50; -106.50; -110.75; -114.25; -113.75; -114.00; -114.75; -114.25; -106.75; -111.25; -111.75; -113.25; -114.50; -113.50; -115.75; -114.50; -115.50; -115.75; -116.25; -116.50; -115.75; -115.50; -114.50; -115.25; -115.25; -115.25; -115.25; -115.25; -113.75; -115.75; -115.50; -114.00; -115.75; -116.50; -117.75; -115.50; -116.75; -116.50; -115.50; -116.25; -116.25; -115.50; -115.75; -115.25; -116.25; -116.25; -117.00; -117.00; -116.25; -112.50; -113.50; -114.50; -114.25; -94.50; -110.00; -116.00; -116.50; -116.50; -117.50; -112.50; -114.75; -115.75; -115.25; -115.75; -115.00; -116.75; -116.00; -118.25; -114.50; -116.50; -118.25; -117.25; -116.75; -118.25; -118.75; -117.25; -118.25; -119.50; -118.25; -116.50; -117.50; -118.75; -120.25; -118.00; -118.25; -121.00; -118.25; -118.75; -119.50; -118.25; -118.75; -116.50; -118.00; -115.75; -103.25; -104.75; -95.75; -98.50; -106.50]
[-109.25; -109.25; -110.00; -109.25; -110.00; -109.25; -109.25; -109.25; -110.00; -110.00; -106.25; -110.00; -110.00; -110.00; -110.00; -110.00; -110.00; -110.00; -110.00; -110.75; -110.00; -110.75; -110.00; -110.75; -110.75; -110.75; -110.75; -110.00; -110.75; -110.75; -110.75; -110.00; -110.00; -110.75; -110.75; -110.75; -110.75; -110.00; -110.00; -110.00; -110.75; -110.75; -110.00; -110.75; -110.75; -110.00; -110.00; -110.00; -110.00; -110.00; -115.75; -115.50; -116.25; -114.75; -114.75; -115.25; -107.50; -114.75; -116.50; -114.00; -117.25; -112.75; -115.25; -113.75; -118.00; -115.75; -114.25; -117.25; -115.00; -118.00; -113.00; -117.25; -117.25; -115.75; -117.25; -118.00; -116.50; -117.25; -116.50; -118.75; -117.25; -115.25; -117.25; -118.75; -118.00; -118.75; -117.25; -117.25; -117.25; -118.25; -119.00; -116.75; -118.25; -117.50; -116.75; -113.00; -104.25; -105.50; -103.75; -102.25; -100.50]
[-112.00; -112.25; -111.25; -110.50; -114.25; -114.00; -114.25; -112.00; -114.25; -114.25; -106.75; -111.75; -115.00; -113.25; -112.50; -113.25; -113.25; -111.75; -114.00; -116.00; -115.50; -113.75; -114.25; -115.75; -113.50; -113.75; -114.75; -114.25; -117.50; -116.25; -114.75; -114.75; -117.25; -115.25; -116.50; -117.25; -116.50; -116.75; -114.25; -117.25; -117.25; -115.75; -116.25; -117.00; -114.25; -114.00; -117.00; -116.00; -114.00; -114.25; -116.50; -113.00; -105.75; -113.00; -114.50; -115.50; -114.25; -117.25; -114.50; -114.25; -117.25; -113.50; -115.25; -112.25; -115.25; -115.25; -113.75; -116.75; -117.25; -114.50; -114.50; -118.75; -117.50; -116.75; -118.00; -118.00; -120.25; -114.50; -118.25; -118.00; -118.00; -116.75; -117.50; -116.00; -118.00; -118.75; -116.00; -118.00; -116.75; -118.75; -118.75; -115.00; -120.25; -118.75; -117.50; -112.25; -104.25; -107.25; -103.75; -102.00; -106.00]
[-109.00; -109.00; -109.00; -109.00; -109.00; -109.75; -109.00; -109.75; -109.00; -109.75; -106.75; -109.00; -109.00; -109.00; -109.00; -109.00; -109.00; -115.25; -115.50; -114.25; -115.75; -117.50; -113.25; -114.25; -116.50; -109.00; -116.00; -115.75; -116.50; -113.75; -116.75; -116.25; -117.00; -115.25; -116.75; -116.50; -115.00; -115.25; -116.50; -105.25; -115.50; -116.50; -116.00; -114.75; -116.75; -114.00; -113.50; -114.00; -114.75; -113.50; -115.75; -117.25; -116.75; -114.50; -110.50; -113.50; -112.25; -115.00; -111.75; -116.75; -97.25; -111.75; -115.75; -115.75; -117.00; -114.25; -114.25; -116.00; -116.25; -117.00; -113.75; -116.00; -115.50; -117.25; -117.50; -117.25; -117.50; -118.50; -117.25; -117.25; -115.25; -116.50; -116.00; -117.75; -118.75; -118.75; -118.50; -119.25; -116.75; -117.50; -116.75; -117.50; -120.00; -120.25; -115.25; -114.25; -102.75; -104.25; -102.25; -101.50; -107.25]
[-113.25; -110.75; -111.00; -112.75; -110.75; -112.00; -114.50; -112.00; -113.50; -115.00; -106.75; -113.25; -113.50; -112.50; -113.50; -113.25; -116.25; -114.00; -112.75; -115.50; -113.75; -116.50; -115.75; -116.75; -116.50; -116.00; -115.50; -114.25; -115.00; -117.25; -116.50; -117.75; -117.75; -117.50; -115.75; -116.50; -116.50; -117.00; -116.50; -116.75; -116.75; -115.75; -115.25; -117.25; -114.25; -113.75; -113.50; -114.25; -114.75; -112.50; -116.50; -117.25; -116.25; -114.75; -114.50; -116.25; -106.75; -111.75; -114.25; -117.25; -116.25; -114.75; -114.75; -115.50; -115.50; -115.50; -116.25; -115.50; -115.50; -117.00; -114.00; -115.50; -114.75; -116.25; -116.25; -117.00; -116.25; -116.25; -116.25; -116.25; -117.00; -115.50; -116.25; -116.25; -116.25; -116.25; -115.50; -116.25; -117.00; -116.25; -116.25; -117.00; -116.25; -116.25; -116.25; -113.25; -102.00; -100.75; -101.75; -92.00; -107.75]
[-114.25; -110.50; -111.25; -110.50; -110.75; -112.00; -112.75; -113.75; -113.50; -114.25; -106.75; -113.00; -114.00; -115.50; -111.00; -112.75; -114.75; -115.50; -116.25; -114.25; -114.25; -112.50; -114.25; -114.25; -113.50; -117.25; -114.25; -116.75; -116.75; -115.75; -114.25; -98.00; -117.75; -116.50; -115.50; -115.50; -116.50; -117.00; -116.50; -115.00; -117.00; -115.50; -114.75; -117.00; -114.50; -112.75; -115.50; -113.50; -116.50; -115.00; -116.00; -116.50; -116.50; -114.25; -114.25; -112.50; -111.25; -104.50; -115.00; -97.75; -114.75; -113.00; -117.50; -114.00; -114.00; -114.00; -114.50; -116.00; -115.50; -117.50; -114.50; -118.25; -118.25; -117.50; -118.25; -117.50; -116.25; -118.25; -117.50; -118.25; -114.75; -115.50; -116.25; -119.00; -119.75; -118.25; -119.75; -118.25; -119.00; -118.25; -116.75; -115.25; -119.00; -119.00; -119.00; -114.75; -99.25; -104.75; -102.00; -100.50; -106.00]
[-113.75; -113.50; -111.75; -111.25; -114.50; -111.00; -114.25; -114.75; -112.00; -114.75; -106.25; -114.50; -112.75; -114.25; -102.25; -115.00; -114.00; -116.50; -113.25; -113.00; -113.50; -116.00; -113.50; -116.25; -116.50; -117.25; -115.50; -116.50; -115.00; -115.00; -115.25; -113.75; -115.75; -116.75; -116.50; -117.25; -118.00; -115.75; -116.50; -117.50; -115.75; -116.25; -114.25; -115.50; -114.25; -112.50; -117.25; -114.00; -117.25; -115.00; -115.75; -114.50; -113.50; -83.50; -83.50; -115.25; -106.75; -113.25; -116.50; -95.00; -90.75; -114.75; -116.25; -117.00; -115.50; -116.25; -117.00; -117.00; -115.50; -116.25; -113.50; -117.75; -117.00; -118.50; -117.75; -117.75; -117.75; -117.75; -118.50; -117.75; -117.00; -117.75; -117.00; -119.25; -117.75; -118.50; -118.50; -118.50; -118.50; -116.25; -116.25; -117.75; -118.50; -118.50; -118.50; -115.50; -98.00; -103.75; -100.75; -101.00; -109.00]
[-113.50; -112.00; -111.25; -112.75; -112.00; -114.25; -113.50; -112.75; -112.75; -113.50; -106.25; -113.50; -114.25; -113.50; -112.75; -113.50; -113.50; -113.50; -113.50; -114.25; -112.75; -114.25; -114.25; -114.25; -113.50; -112.75; -113.50; -114.25; -114.25; -115.00; -114.25; -113.50; -114.25; -114.25; -114.25; -114.25; -114.25; -115.00; -115.00; -114.25; -115.00; -115.00; -114.25; -114.25; -114.25; -112.75; -113.50; -113.50; -113.50; -113.50; -115.25; -115.50; -116.75; -114.75; -114.50; -116.25; -105.75; -116.25; -117.00; -115.75; -111.00; -111.00; -111.00; -111.75; -111.00; -110.25; -111.00; -111.00; -111.00; -111.75; -111.00; -111.75; -111.75; -110.75; -113.50; -118.00; -117.50; -113.50; -116.75; -116.75; -118.25; -117.50; -116.75; -119.75; -119.75; -117.50; -119.00; -118.25; -116.25; -117.50; -118.25; -119.00; -116.75; -118.25; -118.25; -116.00; -103.75; -105.50; -100.50; -99.75; -106.25]
[-112.25; -111.50; -111.50; -112.25; -112.25; -112.50; -113.75; -113.50; -113.00; -111.75; -106.50; -115.25; -114.75; -112.00; -114.75; -112.75; -112.50; -114.75; -107.75; -113.50; -114.25; -114.25; -113.75; -114.25; -95.75; -117.25; -114.25; -115.00; -117.25; -113.50; -114.25; -114.25; -113.50; -114.25; -114.25; -114.25; -114.25; -114.25; -114.25; -114.25; -114.25; -114.25; -115.00; -114.25; -113.50; -112.00; -113.50; -112.75; -113.50; -114.25; -114.25; -113.50; -114.25; -108.25; -112.75; -114.25; -105.50; -114.25; -115.50; -116.00; -114.75; -111.50; -113.50; -116.25; -116.00; -111.75; -115.50; -117.50; -115.50; -117.50; -114.50; -117.50; -119.75; -119.00; -118.25; -117.50; -118.25; -119.00; -118.25; -117.50; -118.25; -102.75; -116.50; -117.25; -117.25; -117.25; -116.75; -117.75; -119.50; -117.50; -117.50; -118.00; -119.25; -118.50; -118.75; -113.25; -103.75; -106.50; -102.50; -96.00; -108.25]
[-114.25; -111.25; -111.25; -113.50; -112.75; -114.50; -114.25; -113.50; -113.75; -114.00; -107.00; -113.75; -116.25; -112.50; -112.50; -115.00; -115.50; -113.25; -116.50; -115.25; -112.75; -116.50; -117.75; -114.25; -114.25; -92.50; -114.25; -113.50; -114.25; -115.00; -114.25; -112.75; -114.25; -113.50; -113.50; -115.00; -114.25; -113.50; -114.25; -114.25; -115.00; -114.25; -113.50; -114.25; -114.25; -112.75; -114.25; -114.25; -113.50; -114.25; -114.25; -114.25; -114.25; -114.25; -112.75; -116.75; -113.50; -115.50; -115.75; -116.00; -114.50; -111.00; -112.25; -112.50; -114.25; -115.25; -113.75; -115.75; -117.25; -118.00; -114.25; -116.50; -118.75; -118.00; -118.75; -118.00; -117.25; -118.00; -117.25; -118.75; -118.00; -116.50; -114.50; -118.75; -118.75; -118.75; -118.75; -119.50; -118.75; -118.00; -117.25; -119.50; -118.75; -115.25; -117.25; -112.50; -97.00; -98.50; -94.75; -95.25; -107.50]
[-113.75; -111.25; -112.25; -112.75; -113.00; -111.25; -114.00; -114.25; -114.25; -114.50; -106.25; -115.00; -112.50; -113.75; -115.50; -115.50; -111.75; -116.25; -110.75; -114.50; -114.50; -115.50; -116.50; -114.00; -115.00; -116.00; -116.50; -87.25; -113.25; -117.00; -116.50; -111.25; -115.50; -115.75; -116.50; -115.00; -115.00; -116.50; -115.75; -113.75; -117.00; -117.00; -117.00; -115.75; -115.75; -114.25; -114.25; -113.00; -117.00; -115.00; -114.75; -115.50; -107.75; -115.75; -114.25; -116.75; -106.25; -111.75; -116.50; -116.00; -117.25; -114.50; -115.25; -114.50; -112.25; -116.50; -114.25; -116.75; -116.50; -118.00; -109.75; -118.25; -118.25; -118.25; -117.50; -117.50; -120.25; -119.50; -116.50; -120.25; -119.50; -116.00; -116.50; -118.00; -115.00; -118.25; -117.50; -117.50; -118.25; -118.75; -115.00; -118.25; -118.75; -119.50; -118.00; -112.50; -105.75; -107.00; -105.25; -102.25; -106.75]
[-113.50; -112.75; -113.00; -113.50; -113.00; -111.00; -113.75; -111.25; -110.25; -114.75; -107.00; -111.75; -114.00; -114.50; -114.50; -114.00; -116.25; -116.25; -112.75; -114.25; -115.00; -114.75; -111.75; -116.25; -112.75; -113.50; -114.25; -112.75; -114.25; -114.25; -113.50; -112.75; -114.25; -114.25; -114.25; -114.25; -114.25; -114.25; -114.25; -114.25; -114.25; -113.50; -113.50; -113.50; -113.50; -112.00; -115.00; -114.25; -114.25; -114.25; -115.25; -113.50; -113.25; -115.50; -114.50; -114.50; -113.50; -117.75; -116.25; -116.75; -117.00; -112.00; -112.75; -116.50; -116.50; -116.25; -115.00; -113.50; -116.50; -117.25; -113.75; -118.00; -118.50; -117.50; -117.00; -117.25; -118.50; -117.00; -114.75; -118.50; -119.25; -115.50; -116.50; -119.25; -119.25; -117.50; -115.75; -120.25; -117.75; -118.00; -117.25; -117.75; -117.25; -118.00; -118.00; -112.75; -94.50; -100.75; -95.50; -94.00; -96.00]
[-113.25; -112.75; -111.00; -110.75; -113.50; -114.25; -113.50; -114.50; -111.25; -111.25; -106.75; -112.25; -110.25; -114.25; -111.75; -112.75; -116.50; -116.00; -114.75; -115.50; -114.75; -116.75; -115.25; -113.75; -116.75; -114.00; -113.75; -116.75; -116.75; -116.75; -117.25; -103.75; -115.50; -116.50; -116.50; -117.25; -115.75; -115.25; -116.50; -115.25; -113.75; -116.75; -115.25; -111.75; -116.75; -113.75; -114.25; -115.75; -117.25; -115.75; -115.00; -115.50; -107.50; -114.25; -104.50; -117.00; -102.25; -117.00; -116.25; -109.00; -112.75; -112.75; -113.50; -113.50; -114.25; -114.25; -114.25; -114.25; -114.25; -114.25; -113.50; -115.00; -115.00; -114.25; -113.50; -115.00; -115.00; -115.00; -115.00; -115.00; -115.00; -114.25; -114.25; -115.00; -115.00; -114.25; -115.00; -115.00; -115.00; -115.00; -114.25; -115.00; -115.00; -115.00; -115.00; -110.75; -102.50; -105.50; -100.25; -90.25; -106.25]
[-108.00; -108.00; -107.25; -113.50; -111.25; -110.25; -115.00; -113.75; -109.00; -109.00; -106.75; -113.75; -114.50; -114.75; -115.25; -113.25; -112.25; -116.50; -115.25; -111.75; -112.25; -113.00; -112.25; -113.00; -113.00; -113.00; -113.00; -112.25; -113.00; -112.25; -111.50; -116.50; -116.50; -116.50; -117.50; -116.75; -117.25; -116.25; -114.25; -116.00; -114.50; -113.75; -117.25; -115.75; -115.50; -113.50; -115.75; -114.75; -117.00; -116.00; -116.50; -116.00; -115.50; -114.25; -110.50; -115.50; -111.00; -116.50; -113.00; -111.25; -112.75; -111.25; -112.00; -112.00; -111.25; -112.00; -109.00; -112.00; -112.00; -112.00; -112.00; -112.75; -112.75; -112.00; -112.75; -112.75; -112.75; -112.75; -112.00; -112.00; -112.75; -112.00; -112.00; -112.75; -112.75; -112.75; -112.75; -112.75; -112.75; -112.75; -112.00; -112.00; -112.75; -112.75; -112.00; -110.50; -104.50; -100.75; -102.75; -100.50; -106.25]
[-109.75; -112.75; -111.00; -110.25; -113.50; -111.00; -111.00; -115.50; -111.50; -113.25; -107.25; -114.75; -114.75; -100.00; -114.25; -115.50; -112.50; -112.50; -100.75; -112.75; -111.75; -117.25; -114.00; -112.25; -116.50; -114.75; -114.25; -117.00; -116.00; -115.75; -115.75; -113.75; -116.50; -116.75; -114.75; -117.75; -114.25; -117.25; -116.50; -117.25; -116.00; -116.25; -117.25; -116.25; -116.50; -115.00; -117.25; -116.50; -112.75; -115.75; -115.00; -116.25; -116.50; -114.50; -114.25; -115.00; -112.00; -117.50; -116.25; -114.75; -117.00; -114.25; -115.50; -113.25; -115.50; -116.25; -115.50; -116.25; -114.00; -117.75; -114.25; -117.00; -117.00; -117.00; -117.00; -118.50; -117.00; -118.50; -118.50; -117.75; -117.75; -116.25; -116.25; -118.50; -118.50; -118.50; -118.50; -117.75; -117.75; -117.00; -116.25; -118.50; -117.75; -115.50; -117.75; -112.50; -105.25; -106.00; -104.25; -101.75; -105.75]
[-110.50; -110.25; -113.50; -111.00; -109.50; -114.50; -111.75; -109.00; -115.00; -112.75; -106.75; -115.00; -113.50; -114.75; -114.75; -114.25; -115.00; -116.75; -114.25; -115.75; -115.50; -114.50; -113.75; -115.25; -114.50; -115.25; -115.25; -114.50; -115.25; -115.25; -113.00; -116.00; -114.00; -114.75; -116.75; -114.75; -117.50; -116.75; -116.25; -116.75; -116.00; -117.50; -116.75; -115.50; -114.50; -114.75; -116.00; -113.25; -117.50; -115.25; -115.25; -116.75; -115.50; -116.00; -114.00; -115.25; -114.00; -109.75; -116.25; -115.00; -116.25; -111.50; -114.50; -112.75; -112.00; -110.75; -113.50; -117.00; -116.50; -118.50; -114.00; -118.00; -114.00; -117.75; -117.00; -115.75; -115.75; -116.50; -117.25; -119.25; -117.50; -117.75; -117.00; -117.25; -116.75; -119.25; -117.50; -116.50; -119.25; -117.25; -117.50; -118.50; -117.00; -117.50; -117.25; -111.75; -101.50; -102.25; -103.75; -97.75; -106.50]
[-112.00; -110.75; -111.50; -113.50; -112.00; -114.50; -114.25; -113.50; -113.25; -115.00; -106.50; -113.25; -114.75; -111.75; -111.75; -114.25; -112.25; -116.00; -99.00; -114.25; -115.75; -115.00; -115.50; -115.50; -114.00; -116.75; -115.75; -113.75; -117.00; -116.25; -114.00; -116.00; -114.25; -114.25; -116.50; -114.50; -117.25; -117.50; -114.50; -117.00; -116.25; -116.25; -116.25; -114.75; -115.75; -114.50; -115.75; -115.75; -116.50; -114.75; -116.25; -117.25; -113.50; -115.75; -113.50; -113.25; -109.00; -111.50; -116.50; -116.50; -116.50; -112.75; -115.00; -115.00; -115.75; -111.50; -112.25; -116.50; -115.75; -117.25; -113.50; -116.50; -116.50; -117.25; -117.25; -117.25; -117.25; -115.00; -115.75; -117.25; -116.50; -116.50; -116.50; -115.00; -117.25; -117.25; -116.50; -117.25; -118.00; -117.25; -117.25; -117.25; -118.00; -117.25; -115.00; -115.75; -99.50; -101.75; -96.75; -102.75; -105.75]
[-112.00; -114.50; -114.25; -111.75; -115.00; -114.25; -113.50; -114.25; -115.75; -112.50; -107.25; -113.50; -111.00; -113.25; -111.75; -113.25; -115.00; -115.00; -115.75; -115.25; -112.00; -117.25; -113.50; -114.25; -117.25; -114.25; -116.25; -116.00; -116.50; -115.75; -117.00; -114.25; -117.25; -114.50; -114.50; -117.25; -116.50; -116.50; -116.75; -114.25; -116.50; -116.00; -114.75; -117.25; -116.00; -115.00; -116.75; -115.00; -114.75; -115.75; -115.75; -112.25; -115.25; -113.00; -103.50; -117.00; -113.00; -110.50; -116.25; -113.25; -117.00; -112.50; -113.50; -114.75; -114.25; -112.50; -115.50; -117.00; -116.25; -117.75; -111.75; -117.75; -117.00; -117.00; -117.75; -117.00; -117.00; -117.00; -117.75; -117.75; -118.50; -115.50; -116.25; -117.75; -116.25; -118.50; -117.75; -117.75; -118.50; -117.75; -117.75; -118.50; -118.50; -117.00; -118.50; -112.75; -103.75; -100.75; -105.25; -104.00; -108.50]
[-115.25; -111.25; -110.75; -113.25; -111.25; -112.25; -114.50; -112.50; -114.25; -109.75; -105.75; -111.25; -115.00; -113.75; -113.50; -115.50; -87.75; -111.50; -116.25; -112.75; -114.25; -117.25; -115.50; -116.00; -116.75; -115.00; -116.50; -116.75; -112.75; -116.75; -112.00; -114.25; -116.50; -115.50; -115.00; -116.50; -113.00; -117.25; -116.25; -114.25; -117.00; -114.75; -114.75; -116.75; -115.75; -115.50; -117.75; -114.00; -118.50; -114.00; -114.50; -115.75; -114.75; -112.75; -114.25; -115.00; -103.75; -117.00; -116.00; -115.00; -118.75; -113.50; -115.50; -116.25; -114.50; -116.25; -113.50; -115.75; -117.50; -115.75; -113.50; -118.00; -117.25; -117.50; -117.25; -117.25; -119.25; -117.25; -119.25; -119.50; -117.50; -116.50; -117.00; -115.00; -118.75; -118.50; -115.50; -118.50; -119.50; -118.75; -118.00; -115.75; -116.50; -118.00; -117.25; -112.50; -103.75; -104.50; -103.75; -102.00; -106.50]
[-114.00; -112.00; -114.00; -113.50; -111.25; -114.50; -114.00; -114.00; -113.00; -115.50; -105.75; -114.50; -114.25; -112.00; -115.25; -112.50; -112.50; -116.50; -113.75; -114.25; -115.00; -113.50; -116.50; -114.25; -112.50; -116.50; -113.50; -113.75; -117.50; -115.00; -117.00; -116.00; -113.00; -116.75; -116.75; -114.25; -117.25; -115.50; -115.00; -118.00; -114.75; -116.50; -117.25; -114.00; -115.75; -113.50; -113.50; -114.25; -117.00; -113.75; -116.50; -118.50; -111.50; -113.50; -111.50; -114.50; -110.00; -117.25; -114.00; -114.50; -115.50; -113.25; -114.50; -114.00; -114.75; -112.25; -115.75; -116.50; -115.75; -115.50; -112.75; -118.75; -117.25; -117.25; -116.75; -117.50; -117.25; -118.00; -116.75; -116.00; -117.25; -117.25; -115.25; -118.75; -119.50; -115.50; -117.25; -118.25; -115.25; -118.25; -118.00; -116.75; -118.00; -117.50; -118.25; -112.75; -102.50; -97.00; -105.25; -103.75; -107.25]
[-111.25; -113.00; -111.25; -112.75; -114.00; -113.25; -111.75; -111.50; -114.00; -111.25; -107.25; -114.00; -114.75; -115.00; -113.75; -114.25; -115.75; -114.25; -115.25; -115.50; -112.50; -116.50; -116.75; -113.75; -117.75; -114.25; -114.25; -116.75; -114.75; -117.00; -116.50; -114.75; -116.00; -116.00; -115.00; -116.75; -116.50; -113.50; -117.00; -116.50; -114.50; -117.00; -116.25; -115.75; -116.25; -112.75; -115.75; -116.50; -115.25; -115.75; -115.75; -115.75; -115.75; -115.00; -113.50; -116.00; -114.25; -115.50; -115.25; -117.25; -117.25; -112.25; -116.50; -112.75; -115.75; -116.50; -111.25; -115.75; -116.50; -115.75; -114.25; -117.25; -116.50; -116.50; -117.25; -117.25; -117.25; -117.25; -115.75; -116.50; -117.25; -115.00; -116.50; -117.25; -115.75; -117.25; -118.00; -117.25; -117.25; -117.25; -116.50; -117.25; -117.25; -117.25; -117.25; -115.00; -101.50; -105.50; -103.25; -100.50; -99.25]
[-114.00; -110.75; -110.75; -113.50; -111.25; -114.50; -114.50; -111.50; -111.75; -115.50; -105.75; -112.50; -114.75; -109.00; -115.75; -115.00; -114.25; -115.75; -115.00; -109.25; -116.75; -113.00; -114.00; -116.75; -113.00; -116.75; -116.25; -115.00; -117.25; -116.50; -117.00; -116.50; -115.50; -114.75; -116.50; -114.50; -114.25; -116.75; -114.75; -116.50; -116.50; -114.50; -117.25; -116.25; -114.50; -115.00; -116.50; -115.00; -115.75; -114.75; -116.00; -116.25; -108.00; -107.25; -114.00; -114.25; -110.25; -108.25; -116.50; -116.75; -116.25; -112.00; -116.00; -113.25; -115.00; -111.25; -111.75; -117.25; -114.25; -118.00; -114.00; -118.50; -117.25; -117.75; -116.00; -118.00; -114.50; -117.25; -118.50; -118.50; -120.00; -117.00; -117.00; -118.50; -117.00; -117.50; -119.50; -116.50; -119.25; -119.50; -116.50; -118.75; -117.75; -117.25; -120.00; -113.75; -103.50; -106.75; -105.00; -102.50; -107.50]
[-114.25; -112.75; -113.50; -112.75; -110.75; -111.75; -114.75; -111.50; -115.00; -114.25; -106.75; -114.75; -114.00; -113.50; -114.75; -106.50; -112.00; -115.00; -112.75; -117.25; -115.75; -113.50; -116.50; -115.75; -113.50; -115.75; -115.75; -116.50; -116.50; -109.75; -115.00; -116.50; -114.75; -114.25; -117.00; -115.00; -116.50; -117.00; -113.75; -116.50; -116.50; -114.75; -117.50; -117.00; -115.50; -114.00; -116.25; -116.75; -117.25; -115.75; -115.50; -117.25; -114.50; -113.50; -114.50; -115.75; -114.25; -116.75; -115.00; -116.00; -118.00; -113.25; -114.25; -114.25; -114.25; -115.50; -114.00; -116.25; -116.25; -114.75; -113.25; -117.75; -117.00; -116.25; -118.50; -117.00; -117.75; -117.75; -114.00; -117.75; -117.75; -116.25; -116.25; -117.75; -117.00; -117.00; -118.50; -117.75; -117.00; -117.00; -118.50; -118.50; -118.50; -117.75; -118.50; -112.00; -102.75; -97.00; -103.75; -102.25; -105.75]
[-113.50; -112.75; -112.75; -113.75; -113.50; -113.25; -114.75; -113.00; -113.50; -115.25; -106.50; -115.00; -115.25; -109.75; -107.75; -95.00; -114.25; -112.75; -114.75; -112.75; -115.50; -115.75; -114.25; -117.00; -116.25; -115.25; -116.25; -115.50; -115.75; -116.50; -114.50; -114.75; -116.25; -113.00; -114.25; -117.25; -115.00; -116.50; -117.50; -116.25; -115.00; -116.25; -116.25; -117.25; -114.25; -113.50; -117.50; -114.25; -116.00; -117.25; -115.25; -115.25; -116.50; -113.50; -114.00; -117.25; -110.75; -112.75; -112.00; -115.75; -117.25; -112.75; -115.75; -115.75; -115.00; -113.50; -115.75; -116.50; -115.00; -117.25; -113.50; -117.25; -117.25; -116.50; -116.50; -116.50; -117.25; -117.25; -115.75; -117.25; -116.50; -115.75; -116.50; -117.25; -116.50; -117.25; -116.50; -117.25; -118.00; -115.75; -117.25; -117.25; -117.25; -117.25; -117.25; -112.75; -102.25; -105.00; -104.50; -102.25; -105.75]
[-113.50; -113.50; -114.00; -113.00; -111.00; -114.75; -114.25; -112.00; -114.00; -113.50; -106.25; -115.00; -111.25; -112.00; -108.25; -112.25; -113.00; -115.50; -116.00; -115.00; -115.25; -113.50; -117.50; -116.50; -115.75; -117.25; -113.75; -116.50; -116.50; -114.75; -114.25; -115.25; -112.75; -115.75; -116.25; -116.25; -118.50; -115.00; -115.00; -116.50; -114.75; -117.25; -115.50; -116.25; -114.50; -113.50; -115.75; -117.25; -115.25; -114.25; -116.50; -113.50; -116.00; -115.25; -113.50; -116.75; -110.25; -115.50; -112.00; -111.25; -118.50; -114.00; -114.00; -116.25; -115.50; -117.00; -117.00; -117.00; -116.25; -115.50; -112.75; -114.75; -118.50; -116.25; -117.75; -117.75; -117.75; -117.75; -116.75; -117.25; -119.50; -116.75; -117.50; -119.25; -117.25; -118.50; -117.50; -118.00; -118.00; -117.25; -118.00; -119.25; -118.00; -117.25; -118.75; -112.50; -96.25; -99.50; -103.00; -98.75; -101.00]
[-114.00; -111.25; -113.25; -113.00; -112.00; -114.25; -114.75; -113.50; -114.75; -100.00; -106.50; -114.25; -111.50; -113.00; -114.25; -114.50; -114.25; -115.00; -115.75; -117.00; -114.75; -116.25; -117.00; -117.00; -114.25; -115.00; -116.25; -116.25; -116.00; -112.00; -116.75; -116.00; -114.50; -114.75; -116.50; -114.25; -116.50; -117.25; -114.75; -116.50; -116.50; -116.25; -114.75; -117.25; -116.25; -114.75; -116.50; -115.00; -117.25; -116.00; -115.75; -116.75; -113.25; -113.50; -114.50; -114.25; -107.50; -114.75; -102.25; -116.00; -118.50; -112.75; -112.75; -117.75; -117.00; -113.50; -114.00; -116.25; -117.00; -113.50; -113.25; -117.75; -117.75; -117.00; -117.75; -117.75; -117.75; -114.25; -117.00; -118.50; -117.00; -114.75; -115.50; -116.25; -117.75; -118.50; -118.50; -118.50; -117.75; -118.50; -118.50; -118.50; -117.75; -117.75; -117.00; -114.75; -101.50; -104.50; -95.75; -103.00; -96.75]
[-109.75; -110.50; -113.00; -110.25; -112.75; -113.75; -87.75; -114.00; -114.75; -112.50; -106.50; -114.25; -112.00; -114.25; -115.00; -114.25; -110.50; -116.00; -115.75; -115.50; -112.50; -113.25; -114.75; -116.00; -116.50; -116.75; -115.75; -114.25; -116.00; -113.25; -115.50; -116.75; -116.25; -116.75; -115.75; -117.25; -117.25; -114.00; -114.50; -116.75; -116.50; -117.00; -117.00; -117.25; -117.00; -112.75; -115.25; -115.25; -117.25; -116.25; -115.00; -112.75; -111.25; -114.75; -113.25; -116.00; -114.50; -117.25; -116.25; -115.75; -117.75; -111.50; -113.75; -114.00; -113.50; -113.50; -112.75; -116.75; -117.00; -117.25; -113.75; -117.75; -117.75; -117.25; -116.75; -117.25; -116.50; -117.50; -118.50; -118.00; -116.00; -117.00; -117.50; -117.25; -117.00; -117.25; -115.75; -118.00; -117.25; -120.00; -117.25; -118.75; -119.25; -117.25; -117.50; -111.00; -104.25; -99.25; -104.50; -104.00; -108.00]
[-105.00; -105.75; -105.00; -105.75; -105.75; -105.75; -105.75; -105.75; -105.75; -110.50; -106.50; -113.50; -112.75; -113.50; -112.75; -113.50; -114.25; -113.50; -113.50; -114.25; -113.50; -114.25; -112.00; -114.25; -114.25; -112.75; -113.50; -114.25; -113.50; -114.25; -115.00; -114.25; -113.50; -114.25; -114.25; -114.25; -114.25; -114.25; -114.25; -112.75; -114.25; -114.25; -114.25; -115.00; -115.00; -113.50; -115.00; -114.25; -114.25; -114.25; -115.75; -117.25; -95.75; -114.25; -112.75; -114.25; -113.50; -114.25; -115.00; -109.75; -116.50; -114.25; -112.50; -115.00; -116.75; -112.75; -114.00; -117.25; -115.00; -117.75; -114.50; -118.50; -117.50; -119.25; -117.00; -119.50; -117.00; -117.75; -118.00; -114.75; -117.50; -117.00; -114.50; -117.25; -117.75; -118.75; -118.50; -120.00; -114.50; -118.75; -118.00; -115.00; -117.25; -118.50; -118.00; -113.00; -102.75; -97.75; -105.25; -91.75; -107.50]
[-111.50; -112.00; -114.25; -112.50; -113.25; -113.50; -114.50; -114.00; -112.00; -115.75; -107.00; -114.75; -112.00; -115.00; -115.75; -112.00; -113.75; -111.00; -111.00; -114.25; -114.25; -112.50; -114.50; -115.75; -116.50; -114.50; -115.25; -116.00; -117.00; -113.50; -115.75; -116.50; -114.75; -114.75; -116.50; -115.00; -115.00; -117.00; -116.50; -116.50; -114.50; -117.00; -116.75; -115.50; -115.25; -114.25; -115.00; -115.25; -115.75; -115.00; -116.00; -115.00; -114.50; -105.00; -114.25; -115.00; -106.75; -116.50; -116.50; -115.00; -117.25; -113.50; -114.25; -114.00; -114.75; -113.50; -109.75; -116.25; -116.50; -115.75; -112.75; -118.75; -117.75; -116.75; -116.75; -118.00; -117.25; -116.50; -117.50; -118.50; -115.75; -115.50; -116.75; -117.00; -117.75; -117.25; -117.75; -117.75; -117.00; -118.50; -118.00; -115.25; -117.25; -118.75; -120.00; -113.00; -99.75; -104.75; -102.50; -102.25; -104.50]
[-112.25; -111.50; -113.50; -111.25; -111.50; -113.75; -112.25; -113.00; -114.50; -111.50; -106.50; -115.75; -111.75; -112.75; -115.50; -112.50; -112.75; -114.75; -115.75; -113.25; -113.75; -115.75; -117.50; -115.75; -114.00; -116.75; -116.50; -115.00; -113.75; -116.75; -117.25; -113.25; -116.50; -117.00; -114.75; -117.00; -117.00; -117.25; -116.50; -114.25; -116.75; -116.25; -114.25; -115.00; -116.75; -114.50; -116.50; -116.50; -115.50; -116.75; -114.75; -115.00; -116.00; -114.50; -108.50; -116.00; -114.25; -116.25; -113.75; -78.00; -116.00; -112.25; -113.00; -113.00; -114.50; -114.50; -110.75; -115.25; -115.25; -115.25; -113.75; -116.00; -115.25; -115.25; -116.00; -114.50; -116.00; -116.00; -114.50; -116.00; -115.25; -114.50; -114.50; -115.25; -116.00; -116.00; -116.00; -116.00; -116.00; -116.00; -116.00; -115.25; -116.00; -116.00; -115.25; -110.25; -103.75; -102.75; -104.50; -90.50; -103.50]
[-112.75; -112.75; -112.50; -113.50; -113.50; -112.00; -110.50; -114.75; -111.75; -111.75; -107.00; -114.00; -113.75; -115.25; -112.75; -114.25; -114.75; -114.50; -112.50; -112.50; -115.75; -114.50; -116.50; -115.25; -116.00; -116.50; -114.25; -113.75; -116.25; -113.50; -115.00; -116.00; -116.50; -115.75; -114.00; -116.25; -116.75; -116.25; -115.50; -116.50; -114.75; -114.75; -116.25; -115.75; -115.75; -114.75; -117.25; -116.75; -114.25; -115.75; -116.25; -115.75; -112.50; -102.50; -114.00; -115.50; -115.00; -110.25; -108.00; -108.75; -116.25; -111.75; -114.00; -114.75; -115.50; -112.00; -113.00; -117.50; -118.25; -116.25; -112.00; -118.25; -118.25; -114.00; -117.50; -117.50; -116.75; -117.50; -119.00; -115.25; -117.50; -116.25; -116.75; -119.75; -120.50; -119.00; -119.00; -118.25; -117.50; -117.50; -116.25; -116.75; -119.00; -116.75; -119.00; -110.50; -102.75; -106.25; -104.00; -95.00; -102.00]
[-112.00; -113.50; -112.75; -112.50; -114.25; -111.00; -114.50; -114.75; -114.00; -111.50; -106.25; -115.00; -114.75; -114.00; -114.50; -116.50; -114.75; -112.00; -116.00; -114.25; -113.25; -116.00; -114.00; -116.00; -116.25; -115.00; -114.75; -113.25; -116.75; -117.25; -115.00; -114.25; -116.75; -114.25; -114.25; -116.50; -116.75; -117.50; -116.75; -117.00; -117.50; -114.25; -116.75; -117.50; -115.25; -114.50; -117.00; -117.00; -115.50; -115.75; -116.50; -113.00; -108.50; -106.00; -114.25; -114.75; -114.25; -108.75; -113.50; -115.75; -114.50; -114.50; -116.50; -113.75; -113.75; -114.25; -115.75; -116.25; -116.50; -116.50; -114.25; -117.50; -117.25; -117.25; -114.25; -117.25; -118.50; -117.25; -116.25; -117.50; -116.00; -115.00; -117.75; -118.50; -117.25; -118.75; -118.50; -119.25; -115.00; -118.50; -118.00; -118.50; -118.75; -118.50; -117.75; -111.50; -103.50; -105.25; -97.50; -100.25; -106.75]
[-114.00; -111.50; -113.25; -112.75; -113.00; -111.00; -114.75; -113.00; -111.25; -112.00; -106.00; -115.50; -111.25; -114.00; -114.75; -110.50; -113.25; -114.50; -115.25; -113.50; -114.75; -114.00; -114.50; -115.25; -113.50; -113.25; -117.00; -114.25; -116.50; -114.25; -115.75; -115.25; -115.75; -113.25; -117.00; -116.00; -115.75; -116.00; -114.75; -114.25; -116.25; -114.75; -114.75; -115.00; -115.75; -113.75; -115.00; -116.75; -117.00; -116.25; -115.75; -115.75; -82.75; -104.25; -107.75; -110.75; -109.25; -108.50; -110.75; -110.00; -110.00; -110.00; -110.00; -110.00; -110.75; -110.00; -110.00; -110.75; -110.75; -110.75; -110.00; -110.75; -110.75; -110.00; -110.75; -110.75; -110.00; -110.75; -110.75; -110.75; -110.75; -110.75; -110.00; -110.75; -110.75; -110.75; -110.75; -110.75; -110.75; -110.75; -110.00; -110.00; -110.75; -110.75; -110.75; -109.25; -93.75; -98.25; -94.25; -92.25; -97.25]
[-114.00; -112.50; -113.50; -114.25; -113.75; -113.25; -114.25; -113.50; -113.50; -115.00; -105.75; -114.75; -114.25; -112.00; -103.25; -113.50; -114.50; -116.00; -114.00; -116.50; -114.50; -113.50; -115.25; -115.75; -115.75; -115.75; -114.50; -114.25; -114.25; -115.75; -115.00; -115.50; -116.25; -116.00; -115.75; -115.50; -117.00; -117.25; -115.75; -115.50; -114.75; -116.50; -116.50; -116.75; -115.75; -114.00; -115.75; -116.75; -116.25; -115.25; -114.75; -116.50; -115.75; -115.00; -114.75; -115.50; -105.75; -105.00; -105.75; -105.75; -117.50; -114.50; -116.00; -114.50; -116.00; -115.25; -113.25; -116.25; -114.50; -116.25; -113.50; -116.75; -119.00; -117.50; -119.00; -119.00; -118.25; -118.25; -118.25; -118.25; -116.50; -116.00; -115.75; -116.75; -114.75; -117.00; -117.75; -115.50; -117.25; -118.00; -116.00; -120.25; -117.00; -116.50; -117.00; -110.75; -94.25; -97.50; -104.75; -100.00; -107.00]
[-113.25; -112.25; -113.50; -111.25; -111.25; -111.50; -111.25; -111.00; -111.75; -112.00; -107.00; -114.50; -114.25; -114.25; -102.00; -114.25; -115.25; -115.25; -114.50; -114.50; -115.00; -112.50; -112.25; -113.75; -113.50; -113.00; -116.50; -116.50; -113.00; -115.75; -114.50; -116.50; -117.25; -116.50; -117.25; -116.50; -116.50; -115.00; -116.50; -115.75; -114.50; -114.50; -115.00; -115.25; -115.75; -114.50; -116.50; -115.00; -116.50; -115.25; -116.50; -112.25; -108.00; -105.00; -115.00; -116.50; -111.00; -116.25; -116.25; -113.50; -116.00; -113.00; -116.00; -115.25; -116.75; -117.50; -115.25; -116.75; -116.00; -116.75; -113.75; -116.00; -117.50; -116.75; -117.50; -117.50; -117.50; -118.25; -117.50; -116.75; -116.75; -115.25; -116.75; -117.50; -117.50; -116.75; -117.50; -116.75; -117.50; -117.50; -117.50; -117.50; -118.25; -118.25; -116.75; -110.75; -101.50; -105.75; -104.00; -94.75; -97.75]
[-113.50; -111.50; -113.50; -111.50; -114.25; -114.75; -113.00; -111.75; -115.00; -111.75; -106.25; -109.00; -114.00; -108.50; -114.50; -115.50; -115.00; -116.25; -113.50; -114.00; -114.50; -114.25; -112.50; -116.50; -114.50; -114.75; -115.75; -115.00; -118.00; -114.75; -115.25; -110.50; -114.75; -117.00; -116.50; -116.50; -116.75; -116.25; -115.75; -117.25; -115.75; -115.25; -116.75; -115.00; -114.50; -112.75; -115.50; -115.25; -116.25; -116.75; -116.50; -117.25; -115.75; -110.75; -114.00; -116.50; -105.75; -116.00; -117.00; -116.00; -116.25; -109.75; -114.00; -113.75; -114.00; -114.75; -111.75; -114.25; -116.00; -117.25; -113.50; -117.25; -119.25; -117.50; -116.75; -118.50; -119.50; -117.25; -115.50; -117.75; -117.75; -114.25; -117.25; -117.50; -119.25; -116.50; -118.00; -118.75; -118.00; -118.75; -118.75; -117.50; -116.25; -118.75; -117.50; -111.75; -102.50; -104.25; -104.75; -102.25; -106.25]
[-112.75; -112.00; -113.25; -112.75; -113.25; -110.25; -113.50; -113.75; -111.00; -114.25; -106.00; -114.25; -114.75; -114.00; -92.25; -99.25; -113.75; -115.75; -112.75; -112.00; -115.00; -114.25; -116.75; -116.50; -116.00; -116.00; -116.00; -116.75; -117.50; -112.50; -114.50; -116.00; -115.00; -114.00; -116.50; -117.00; -114.75; -116.50; -116.00; -117.25; -116.50; -115.75; -117.25; -115.75; -117.50; -113.50; -117.00; -117.25; -115.75; -114.75; -116.75; -116.00; -116.00; -114.25; -114.75; -115.75; -114.25; -115.50; -117.00; -116.00; -109.75; -109.00; -109.00; -109.75; -109.75; -109.75; -109.00; -109.75; -109.75; -109.75; -109.00; -109.75; -109.75; -109.75; -109.75; -109.75; -109.75; -109.75; -109.75; -109.75; -117.50; -116.75; -114.75; -118.50; -116.75; -114.25; -119.50; -118.75; -118.00; -118.00; -118.00; -117.50; -117.50; -115.50; -118.00; -111.50; -100.75; -103.25; -102.75; -102.25; -101.75]
[-113.50; -111.50; -113.00; -112.50; -111.00; -112.50; -115.00; -113.50; -111.50; -114.50; -106.50; -110.50; -115.25; -112.25; -105.75; -108.25; -112.75; -114.75; -116.75; -113.00; -112.50; -116.50; -115.25; -117.25; -114.00; -112.75; -116.75; -115.75; -116.25; -116.25; -116.00; -116.50; -115.00; -114.50; -117.75; -114.25; -116.50; -116.75; -116.75; -114.75; -117.25; -116.75; -117.00; -117.00; -115.75; -115.00; -115.50; -112.75; -116.75; -116.50; -116.50; -117.25; -115.00; -115.00; -113.25; -115.25; -107.75; -115.75; -113.75; -115.25; -116.50; -115.00; -115.00; -111.25; -114.25; -116.50; -114.50; -113.50; -116.50; -115.75; -113.00; -118.00; -117.25; -115.00; -117.25; -117.25; -115.75; -117.25; -118.00; -118.75; -118.75; -115.75; -117.25; -118.00; -118.00; -119.50; -118.75; -118.75; -119.50; -119.50; -117.25; -118.75; -118.00; -117.25; -118.75; -114.50; -102.25; -108.25; -96.25; -105.00; -107.50]
[-113.00; -111.00; -109.25; -108.00; -108.00; -108.00; -108.75; -108.00; -108.00; -108.75; -105.75; -103.75; -103.75; -103.75; -103.75; -103.00; -97.00; -103.75; -112.00; -114.25; -114.25; -113.50; -114.25; -114.25; -113.50; -114.25; -109.75; -105.75; -105.75; -116.50; -115.00; -116.25; -116.25; -117.75; -116.25; -113.50; -117.00; -114.75; -113.25; -117.00; -117.00; -114.25; -114.25; -115.00; -114.25; -114.25; -114.25; -115.00; -114.25; -112.00; -114.25; -112.50; -115.25; -85.00; -103.75; -115.25; -114.50; -115.25; -110.75; -115.25; -115.25; -115.25; -114.50; -113.75; -115.25; -115.25; -113.00; -115.25; -115.25; -115.25; -113.75; -115.25; -116.00; -115.25; -114.50; -116.00; -116.00; -116.00; -116.00; -116.00; -116.00; -115.25; -115.25; -115.25; -116.00; -116.00; -116.00; -116.00; -116.00; -116.00; -116.00; -116.00; -115.25; -116.00; -116.00; -114.50; -103.00; -105.50; -104.50; -99.75; -97.75]
[-111.25; -113.50; -112.50; -111.50; -114.25; -114.00; -113.75; -114.75; -113.50; -114.25; -107.00; -113.25; -113.75; -114.75; -114.25; -114.00; -115.00; -112.75; -116.75; -116.50; -114.25; -115.75; -117.00; -114.25; -115.75; -113.50; -114.25; -117.00; -117.25; -117.50; -116.75; -115.75; -117.25; -117.00; -114.25; -116.50; -110.25; -116.50; -117.25; -117.25; -116.25; -117.00; -116.75; -117.00; -115.75; -112.50; -115.50; -114.75; -113.50; -117.00; -114.75; -114.25; -109.00; -114.00; -113.50; -116.00; -114.75; -117.25; -116.75; -116.50; -117.25; -113.25; -113.75; -112.25; -115.75; -114.25; -114.25; -116.50; -113.00; -117.75; -114.25; -120.25; -117.50; -117.50; -116.50; -120.00; -118.00; -118.50; -117.50; -114.50; -119.25; -115.75; -113.50; -117.50; -117.75; -116.00; -119.50; -119.50; -117.50; -120.00; -117.25; -118.00; -118.75; -119.50; -117.75; -111.50; -93.75; -98.00; -96.50; -100.00; -100.00]
[-110.50; -112.50; -111.25; -111.25; -113.25; -111.25; -112.50; -111.25; -112.25; -110.75; -106.75; -111.75; -110.50; -113.75; -105.75; -98.00; -105.25; -114.75; -115.75; -116.50; -111.25; -115.75; -114.25; -113.50; -115.25; -115.75; -117.00; -116.50; -116.50; -117.25; -116.25; -112.75; -112.75; -114.75; -114.25; -116.75; -115.00; -117.50; -116.75; -115.25; -115.75; -117.00; -117.00; -116.50; -117.00; -114.25; -117.00; -114.50; -114.25; -115.00; -116.00; -114.25; -115.25; -109.75; -113.75; -115.75; -114.50; -115.75; -116.25; -116.25; -116.75; -114.25; -115.00; -114.50; -113.50; -117.50; -117.25; -117.00; -116.50; -119.50; -113.75; -118.75; -116.25; -115.50; -118.00; -117.25; -114.75; -117.75; -118.75; -119.25; -117.25; -116.75; -117.25; -117.75; -119.25; -119.50; -120.25; -115.00; -120.25; -118.75; -118.00; -118.75; -119.25; -120.00; -117.50; -112.25; -101.25; -105.25; -102.50; -101.50; -104.50]
[-113.50; -112.25; -112.75; -112.75; -114.00; -114.25; -114.50; -110.50; -114.25; -113.50; -106.00; -114.75; -114.25; -93.25; -114.25; -115.00; -112.50; -114.50; -112.25; -114.25; -115.50; -115.75; -117.00; -116.50; -113.25; -115.00; -115.25; -114.75; -117.00; -116.50; -115.00; -115.75; -115.75; -116.50; -116.00; -115.00; -114.50; -115.75; -116.75; -113.50; -116.50; -116.00; -114.75; -117.25; -116.25; -114.75; -116.25; -116.50; -116.50; -116.75; -115.50; -116.00; -108.25; -110.00; -114.25; -117.25; -106.25; -117.00; -115.50; -114.00; -118.75; -111.25; -116.00; -116.50; -115.75; -115.00; -114.50; -115.75; -117.75; -117.00; -114.25; -119.50; -118.50; -117.25; -118.00; -117.25; -118.75; -117.50; -117.00; -115.50; -117.75; -116.50; -118.50; -119.50; -118.50; -117.25; -117.75; -116.50; -119.25; -117.50; -115.50; -118.50; -115.75; -118.00; -119.25; -114.25; -102.50; -107.50; -98.75; -104.25; -98.50]
[-113.50; -112.00; -110.75; -112.50; -111.50; -105.75; -113.50; -112.75; -113.75; -111.00; -106.25; -111.50; -114.00; -112.00; -115.50; -112.00; -112.75; -114.50; -115.25; -116.00; -116.00; -114.50; -115.25; -116.00; -116.00; -113.75; -116.00; -113.25; -116.75; -114.50; -116.75; -116.00; -114.50; -116.75; -117.50; -116.75; -117.50; -116.00; -116.00; -116.75; -115.25; -116.75; -116.75; -116.75; -117.50; -115.25; -114.50; -116.00; -113.75; -114.50; -116.00; -116.00; -116.00; -115.25; -113.75; -116.75; -114.50; -117.00; -116.50; -114.50; -117.25; -114.75; -114.25; -112.75; -117.00; -114.25; -111.00; -116.25; -116.75; -117.50; -114.00; -117.75; -117.75; -114.25; -118.75; -118.00; -115.50; -117.75; -119.00; -117.50; -117.50; -115.75; -116.25; -119.00; -118.50; -117.50; -119.00; -118.25; -115.25; -118.50; -118.50; -117.50; -118.25; -118.25; -117.50; -114.50; -101.00; -104.75; -105.50; -104.00; -107.50]
[-110.50; -113.25; -112.75; -110.50; -113.75; -114.75; -111.50; -113.50; -113.50; -112.75; -107.00; -108.75; -113.00; -114.25; -106.00; -115.50; -114.75; -115.25; -114.00; -114.00; -113.50; -113.50; -116.25; -116.00; -115.00; -117.00; -115.50; -116.25; -116.25; -115.00; -117.00; -114.75; -115.00; -116.50; -116.00; -117.50; -118.25; -111.00; -116.25; -116.75; -113.25; -118.25; -116.00; -115.75; -116.50; -113.75; -117.00; -116.50; -115.50; -116.25; -116.75; -116.25; -115.50; -114.25; -113.50; -117.75; -116.25; -116.25; -116.25; -115.75; -118.50; -114.25; -114.50; -113.75; -114.25; -114.50; -115.25; -116.50; -115.25; -118.75; -112.75; -118.75; -117.50; -115.75; -117.25; -119.25; -116.25; -117.75; -117.25; -116.75; -118.00; -117.50; -116.50; -119.50; -117.75; -118.00; -118.75; -117.75; -118.50; -118.75; -114.75; -119.25; -117.75; -118.00; -118.50; -111.75; -93.75; -97.75; -104.25; -93.00; -107.50]
[-111.00; -113.75; -110.50; -110.25; -111.00; -106.00; -114.75; -115.00; -112.75; -111.25; -106.50; -89.50; -114.75; -115.25; -112.75; -113.25; -115.50; -115.25; -113.25; -115.25; -113.25; -117.50; -113.25; -113.75; -116.25; -115.25; -115.50; -116.00; -115.25; -115.25; -117.50; -115.25; -116.00; -116.75; -116.00; -116.75; -115.50; -115.50; -117.50; -114.00; -114.75; -116.75; -113.50; -116.75; -115.25; -112.50; -116.00; -114.75; -115.25; -117.50; -115.25; -115.50; -115.25; -114.00; -113.50; -116.25; -114.75; -114.75; -106.75; -113.25; -117.25; -114.00; -115.75; -115.25; -116.00; -115.00; -115.00; -117.00; -116.00; -117.25; -114.25; -116.75; -118.00; -116.75; -117.25; -120.00; -115.00; -117.50; -118.75; -116.50; -118.50; -117.00; -116.00; -118.00; -119.25; -117.25; -119.50; -119.50; -118.75; -118.50; -115.50; -118.50; -118.75; -120.00; -118.75; -112.75; -97.00; -105.00; -93.25; -102.00; -96.00]
[-111.75; -113.75; -110.75; -112.25; -114.25; -111.75; -111.25; -115.00; -111.75; -113.50; -106.75; -111.75; -114.00; -112.75; -95.75; -113.25; -103.50; -115.75; -115.00; -115.50; -112.50; -115.75; -114.50; -113.50; -116.50; -116.25; -118.50; -116.75; -115.00; -115.00; -116.50; -110.00; -110.00; -110.75; -110.25; -110.75; -110.75; -110.75; -110.75; -110.75; -110.00; -110.75; -110.00; -110.75; -110.00; -110.00; -110.75; -110.00; -110.00; -110.00; -110.75; -110.00; -104.75; -110.00; -110.00; -110.75; -110.00; -110.75; -110.00; -110.00; -110.75; -110.00; -110.00; -110.00; -110.00; -110.00; -109.25; -110.75; -110.00; -110.75; -110.00; -110.75; -110.75; -110.75; -110.00; -110.75; -110.75; -110.75; -110.75; -110.75; -110.75; -110.75; -110.75; -110.75; -109.25; -117.25; -118.75; -118.00; -119.25; -118.00; -117.00; -117.25; -119.25; -115.75; -118.00; -111.75; -97.50; -95.75; -95.00; -94.00; -97.25]
[-112.25; -112.75; -111.00; -112.00; -114.25; -114.25; -114.25; -115.00; -111.50; -111.50; -107.00; -112.75; -115.00; -98.25; -113.25; -114.50; -116.50; -112.75; -116.00; -115.00; -115.50; -116.50; -113.50; -114.75; -117.25; -114.00; -114.50; -116.50; -113.50; -117.00; -116.50; -114.75; -117.25; -115.50; -115.75; -117.25; -114.75; -114.75; -116.50; -113.50; -115.75; -116.00; -115.75; -115.00; -115.75; -113.50; -117.25; -115.75; -114.25; -114.75; -114.50; -116.50; -114.75; -113.75; -115.00; -117.00; -106.00; -109.00; -112.75; -110.00; -118.75; -112.75; -115.00; -113.75; -115.00; -117.50; -113.25; -116.75; -116.50; -117.75; -113.75; -117.75; -117.75; -117.00; -117.75; -116.50; -118.50; -118.00; -117.00; -117.25; -104.75; -82.50; -110.75; -95.25; -117.50; -118.25; -114.50; -116.75; -117.50; -118.25; -117.50; -117.50; -116.75; -118.25; -116.00; -113.00; -103.00; -102.25; -100.00; -97.00; -106.75]
[-111.25; -111.50; -114.25; -110.75; -111.25; -114.75; -111.25; -111.25; -114.75; -111.50; -106.75; -115.50; -113.75; -98.50; -106.00; -93.50; -116.00; -114.75; -114.25; -114.75; -114.75; -114.50; -116.50; -115.75; -114.00; -115.75; -113.75; -113.75; -116.50; -114.00; -113.75; -117.00; -116.25; -117.50; -116.50; -116.75; -118.00; -115.00; -115.25; -117.00; -113.00; -116.00; -117.75; -116.75; -115.75; -113.50; -114.50; -117.00; -114.25; -113.50; -115.75; -115.00; -115.75; -114.75; -114.50; -116.25; -104.25; -115.75; -114.50; -116.75; -115.00; -114.25; -116.00; -112.75; -117.50; -118.00; -111.75; -117.25; -116.50; -117.50; -114.00; -116.00; -117.75; -118.75; -118.50; -117.75; -118.75; -118.00; -118.00; -117.25; -114.75; -116.50; -117.25; -101.25; -117.50; -118.25; -117.50; -117.50; -116.75; -117.50; -116.75; -114.50; -118.25; -117.50; -117.50; -111.75; -103.00; -98.25; -104.50; -102.75; -107.25]
[-113.50; -113.75; -113.00; -111.00; -114.25; -113.25; -112.00; -113.50; -111.75; -111.75; -106.75; -112.00; -103.75; -114.00; -111.75; -100.00; -116.25; -115.75; -115.75; -114.25; -112.00; -114.00; -116.00; -116.50; -116.25; -117.00; -115.75; -116.50; -116.50; -117.25; -116.75; -116.50; -114.50; -116.75; -114.75; -116.00; -116.50; -114.25; -116.25; -117.00; -116.25; -117.00; -117.75; -114.00; -116.75; -113.25; -116.25; -114.75; -115.75; -116.50; -116.50; -116.50; -116.25; -114.50; -114.00; -115.75; -113.00; -116.25; -117.25; -114.75; -118.00; -112.00; -114.25; -115.00; -115.75; -113.50; -116.75; -117.00; -116.75; -117.25; -114.00; -117.25; -117.00; -117.25; -117.25; -119.50; -117.25; -118.00; -118.75; -117.00; -117.75; -114.00; -116.00; -120.00; -120.25; -118.00; -119.25; -118.50; -117.25; -118.75; -117.25; -117.75; -118.75; -119.25; -117.75; -113.75; -95.50; -106.00; -104.25; -104.00; -107.25]
[-111.00; -113.75; -112.25; -114.25; -114.25; -111.25; -111.75; -115.75; -110.00; -111.25; -106.75; -112.50; -111.75; -115.75; -100.00; -116.25; -115.50; -114.75; -115.75; -111.50; -112.50; -115.75; -115.50; -117.00; -116.00; -116.00; -116.50; -116.00; -114.75; -116.50; -116.50; -114.00; -117.25; -112.00; -114.00; -118.50; -114.75; -115.00; -116.50; -113.00; -115.75; -117.25; -117.25; -115.50; -117.00; -114.75; -116.00; -117.25; -114.50; -117.25; -115.25; -115.50; -117.00; -115.25; -113.50; -117.50; -115.50; -116.25; -117.25; -116.25; -117.25; -111.00; -114.50; -114.00; -115.00; -114.50; -111.25; -115.75; -116.00; -117.00; -114.00; -118.00; -118.75; -118.00; -118.75; -117.50; -120.00; -118.50; -116.75; -118.00; -118.50; -116.00; -116.00; -117.25; -117.75; -117.25; -119.25; -118.50; -116.00; -119.25; -114.50; -119.25; -119.50; -117.25; -118.75; -113.50; -103.00; -107.50; -105.25; -104.00; -106.75]
[-111.25; -112.75; -109.75; -110.50; -114.75; -79.25; -109.25; -110.00; -109.25; -109.25; -106.25; -113.50; -114.75; -97.00; -114.25; -113.25; -104.00; -113.75; -85.50; -116.50; -114.25; -114.75; -114.25; -114.00; -117.00; -111.50; -114.75; -117.00; -116.25; -116.25; -117.25; -114.75; -117.25; -117.00; -116.25; -116.75; -116.50; -116.50; -116.50; -113.75; -115.00; -117.25; -113.50; -115.75; -116.00; -113.50; -117.00; -115.50; -116.00; -116.00; -116.50; -115.75; -115.00; -115.75; -114.25; -115.75; -115.00; -108.50; -117.25; -110.25; -117.50; -114.75; -112.75; -113.75; -116.75; -114.50; -116.25; -116.50; -117.25; -118.00; -114.25; -116.25; -117.75; -118.50; -116.50; -118.75; -118.50; -117.25; -119.50; -117.00; -118.00; -116.50; -114.25; -117.50; -120.25; -117.75; -118.00; -117.75; -117.75; -118.75; -118.75; -118.75; -118.00; -118.50; -117.00; -113.50; -102.25; -103.00; -105.00; -100.75; -106.75]
[-111.75; -113.75; -109.50; -110.75; -106.75; -109.75; -111.25; -107.75; -107.00; -107.75; -106.25; -89.25; -115.25; -113.00; -108.00; -105.00; -113.50; -112.00; -116.25; -113.75; -114.25; -116.50; -112.25; -114.50; -117.00; -115.25; -116.75; -115.50; -115.75; -116.75; -117.25; -116.50; -116.75; -117.00; -117.25; -116.25; -112.75; -116.50; -116.50; -114.50; -116.75; -117.25; -116.50; -115.75; -114.25; -114.00; -117.25; -115.25; -116.50; -116.75; -116.75; -116.75; -116.50; -115.00; -114.25; -115.25; -109.75; -116.25; -114.00; -117.00; -113.75; -114.25; -115.50; -115.50; -115.00; -115.75; -117.00; -117.25; -116.50; -117.25; -113.50; -118.00; -112.00; -118.50; -116.75; -117.50; -118.75; -118.50; -116.50; -118.00; -119.00; -117.25; -116.50; -118.00; -118.50; -114.50; -117.50; -119.50; -117.00; -118.75; -118.50; -119.50; -116.50; -116.75; -117.25; -111.75; -105.25; -108.25; -107.00; -102.25; -106.50]
[-105.75; -105.75; -105.75; -105.00; -111.25; -113.00; -113.00; -113.50; -115.00; -111.50; -106.00; -115.25; -111.75; -100.75; -115.00; -114.25; -114.75; -111.50; -113.50; -116.50; -113.50; -116.00; -116.75; -116.50; -116.75; -117.25; -115.25; -116.50; -113.50; -115.75; -117.00; -112.25; -114.50; -115.25; -114.25; -118.00; -117.50; -116.50; -118.00; -114.00; -115.75; -116.25; -114.75; -115.00; -116.25; -114.00; -115.25; -116.25; -116.25; -115.00; -116.25; -116.75; -115.75; -113.50; -114.25; -116.50; -114.25; -116.50; -115.75; -112.50; -117.50; -114.50; -116.00; -115.00; -116.50; -115.25; -115.25; -116.00; -115.50; -118.25; -114.25; -117.50; -116.75; -115.00; -116.75; -117.50; -118.00; -116.75; -118.00; -118.25; -118.75; -117.50; -117.25; -118.25; -118.25; -116.75; -118.75; -118.75; -118.25; -118.75; -118.75; -118.75; -119.50; -118.00; -118.75; -113.75; -101.50; -106.50; -103.75; -100.75; -106.75]
[-112.75; -114.00; -113.00; -92.75; -113.50; -114.25; -111.25; -115.00; -112.75; -113.75; -105.75; -115.00; -114.00; -116.25; -114.25; -114.25; -115.50; -116.00; -114.25; -116.25; -113.25; -113.50; -115.75; -114.50; -116.50; -117.25; -116.00; -116.75; -115.75; -117.25; -116.25; -116.50; -116.50; -116.75; -113.75; -115.25; -116.25; -115.75; -114.50; -117.00; -115.00; -115.75; -116.50; -114.50; -114.75; -113.50; -116.75; -116.75; -113.75; -115.50; -116.25; -115.75; -116.00; -115.00; -114.00; -114.75; -114.25; -116.25; -116.50; -117.25; -117.25; -112.50; -116.00; -114.25; -116.25; -113.25; -117.25; -117.50; -116.00; -118.75; -114.25; -117.25; -118.75; -115.50; -119.25; -120.00; -117.50; -116.25; -120.25; -117.00; -116.50; -117.50; -115.75; -120.25; -118.00; -120.00; -117.75; -114.75; -118.50; -119.50; -116.50; -118.75; -118.00; -116.75; -117.75; -113.50; -102.25; -106.00; -104.50; -100.00; -105.00]
[-113.25; -113.50; -112.00; -110.75; -114.25; -113.25; -112.75; -114.25; -114.25; -113.75; -106.75; -115.75; -111.75; -113.50; -114.00; -113.75; -115.00; -116.50; -115.00; -116.25; -114.75; -116.00; -115.50; -114.50; -115.75; -116.75; -112.75; -113.75; -116.50; -114.25; -116.50; -117.00; -115.75; -115.75; -116.50; -115.75; -114.75; -117.00; -115.00; -116.50; -116.75; -114.50; -117.00; -115.00; -116.50; -114.75; -115.75; -115.00; -115.00; -114.50; -115.50; -117.25; -114.75; -111.25; -113.25; -116.50; -113.75; -116.50; -115.25; -116.50; -116.25; -113.50; -116.25; -117.00; -115.25; -114.00; -117.25; -117.25; -114.00; -115.25; -113.25; -113.75; -117.00; -117.75; -117.50; -118.00; -119.50; -117.00; -118.75; -118.50; -117.00; -115.25; -117.25; -115.00; -116.75; -117.00; -115.25; -115.00; -117.25; -115.00; -116.75; -120.75; -115.00; -118.50; -120.00; -112.00; -91.75; -98.75; -96.25; -97.00; -97.25]
[-114.00; -113.25; -112.25; -99.25; -114.25; -111.25; -112.00; -113.50; -111.25; -112.00; -106.50; -100.00; -113.00; -113.75; -109.75; -112.75; -102.25; -113.50; -113.25; -116.50; -115.25; -115.75; -115.00; -115.50; -117.25; -115.75; -116.50; -116.25; -114.25; -115.75; -116.50; -113.50; -115.50; -117.25; -115.75; -116.00; -117.25; -114.75; -115.75; -118.00; -116.25; -115.75; -116.25; -116.50; -116.25; -114.75; -117.00; -117.25; -114.75; -116.25; -115.75; -116.50; -113.50; -114.25; -114.25; -115.75; -110.50; -115.50; -115.00; -114.25; -116.25; -115.75; -114.25; -114.75; -114.25; -116.25; -117.00; -116.75; -116.25; -116.75; -113.75; -117.75; -117.25; -119.50; -117.25; -117.25; -117.75; -117.25; -118.75; -114.75; -117.25; -117.00; -115.50; -118.75; -118.00; -117.50; -118.50; -117.50; -118.00; -119.25; -118.50; -117.25; -118.00; -117.50; -117.75; -111.50; -102.00; -109.00; -105.50; -96.25; -98.25]
[-110.00; -109.25; -110.00; -108.50; -109.25; -110.00; -110.00; -110.00; -110.00; -109.25; -105.50; -110.00; -110.00; -109.25; -110.00; -110.00; -110.00; -110.00; -110.00; -110.00; -110.00; -109.25; -110.00; -110.00; -110.00; -110.00; -110.75; -110.00; -110.00; -110.00; -110.00; -110.00; -110.75; -110.75; -110.75; -110.00; -110.75; -110.00; -110.00; -110.75; -110.75; -110.75; -110.75; -110.75; -110.00; -110.00; -110.00; -110.75; -110.75; -110.00; -110.00; -110.00; -110.00; -110.00; -107.75; -110.75; -110.00; -109.25; -110.75; -108.50; -110.75; -110.00; -110.00; -110.00; -110.00; -110.75; -110.00; -110.75; -110.00; -110.75; -110.00; -110.75; -110.75; -110.75; -110.00; -110.75; -110.75; -110.75; -110.75; -110.75; -117.25; -116.50; -115.00; -118.00; -118.00; -115.25; -118.00; -118.00; -115.00; -118.75; -118.75; -118.75; -118.75; -118.00; -118.00; -112.25; -102.75; -105.25; -104.00; -103.50; -106.50]
[-112.25; -110.50; -115.75; -111.00; -111.75; -113.50; -111.50; -111.25; -114.75; -113.50; -107.00; -112.25; -114.00; -115.00; -112.25; -112.50; -112.50; -115.50; -116.25; -115.50; -113.25; -117.50; -109.50; -116.25; -113.25; -114.00; -116.50; -115.75; -116.50; -117.50; -116.25; -114.00; -116.75; -114.75; -116.50; -116.75; -116.75; -117.00; -117.75; -117.50; -117.50; -116.50; -115.50; -114.75; -115.75; -115.75; -117.00; -116.25; -117.75; -116.25; -115.50; -116.75; -104.50; -113.25; -114.00; -116.00; -107.00; -115.75; -115.25; -109.50; -114.50; -115.25; -115.50; -112.50; -115.25; -117.00; -116.50; -116.75; -116.75; -117.50; -113.50; -115.50; -116.75; -116.25; -114.00; -118.50; -119.25; -119.25; -117.00; -119.00; -116.25; -116.25; -116.25; -117.50; -118.50; -117.75; -117.75; -119.00; -119.25; -119.25; -118.25; -118.25; -118.50; -115.75; -117.75; -113.75; -102.75; -98.25; -98.75; -104.00; -107.50]
[-113.00; -110.75; -111.75; -110.50; -111.00; -112.00; -113.50; -112.00; -112.00; -111.50; -106.50; -115.50; -114.25; -108.75; -114.25; -113.50; -112.25; -115.75; -112.25; -113.50; -113.75; -113.75; -113.75; -114.75; -113.75; -114.25; -113.00; -114.50; -116.00; -116.50; -116.50; -117.25; -116.75; -115.75; -116.75; -115.25; -115.00; -115.50; -115.00; -114.75; -114.25; -117.25; -116.75; -118.00; -116.00; -114.75; -116.50; -115.00; -115.25; -116.00; -116.50; -115.00; -104.00; -114.75; -114.00; -115.50; -104.50; -116.75; -115.25; -114.75; -114.00; -116.75; -117.50; -115.25; -115.25; -115.25; -112.25; -118.25; -115.75; -117.50; -114.25; -118.00; -115.25; -116.50; -118.25; -116.50; -116.50; -118.75; -119.50; -116.50; -119.50; -116.50; -115.50; -114.75; -118.50; -118.50; -117.25; -118.00; -120.75; -119.50; -119.25; -118.75; -117.50; -117.50; -117.50; -111.25; -102.25; -102.50; -102.75; -101.75; -94.00]
[-111.25; -113.75; -113.00; -91.00; -113.00; -115.00; -114.00; -113.75; -114.25; -115.50; -106.50; -112.00; -113.00; -96.75; -110.25; -105.00; -115.50; -116.25; -117.00; -115.75; -115.75; -115.25; -113.75; -116.50; -114.25; -114.25; -116.00; -116.00; -116.75; -116.50; -115.50; -114.50; -116.50; -116.50; -116.50; -114.25; -114.75; -114.75; -115.00; -115.25; -116.75; -116.75; -117.25; -116.75; -116.50; -113.75; -115.75; -115.25; -115.00; -115.75; -116.00; -115.75; -112.75; -113.25; -110.25; -117.25; -103.25; -108.00; -115.00; -114.50; -117.25; -115.00; -114.75; -113.25; -115.25; -115.75; -114.00; -118.00; -117.25; -117.00; -113.50; -116.00; -117.25; -117.50; -118.00; -117.25; -111.25; -117.75; -118.75; -117.75; -115.25; -115.25; -115.25; -110.75; -115.25; -116.00; -115.25; -115.25; -115.25; -115.25; -116.00; -115.25; -116.00; -115.25; -115.25; -112.25; -102.75; -104.50; -95.25; -101.50; -95.25]
[-111.25; -112.25; -113.50; -110.50; -113.50; -113.50; -114.25; -114.75; -115.25; -113.75; -107.00; -114.25; -113.50; -106.00; -115.00; -114.25; -99.50; -113.25; -114.50; -113.00; -113.50; -113.25; -113.25; -113.50; -114.75; -116.25; -115.50; -116.50; -117.50; -116.75; -116.75; -117.25; -116.50; -117.00; -117.00; -115.00; -116.50; -115.00; -116.50; -117.75; -118.50; -117.00; -116.50; -117.00; -116.75; -114.25; -117.25; -117.75; -116.50; -115.75; -116.75; -117.75; -116.00; -104.50; -112.75; -116.50; -102.75; -115.00; -117.50; -114.50; -117.50; -111.75; -113.50; -116.00; -114.25; -115.00; -111.75; -115.75; -115.25; -115.00; -114.25; -116.75; -116.25; -113.00; -117.75; -118.00; -116.75; -116.50; -119.25; -116.25; -115.00; -117.00; -114.25; -118.75; -117.25; -116.50; -118.00; -118.00; -118.75; -119.25; -118.75; -119.25; -118.75; -117.25; -117.50; -112.75; -91.50; -97.00; -98.50; -95.25; -106.75]
[-113.75; -113.50; -112.75; -113.50; -113.50; -112.75; -114.75; -111.75; -112.50; -88.75; -105.50; -113.50; -112.00; -103.75; -115.00; -114.75; -105.00; -115.75; -115.25; -113.50; -113.00; -113.75; -116.25; -114.00; -116.25; -116.25; -116.25; -114.25; -116.75; -115.75; -114.50; -116.25; -115.50; -113.50; -115.50; -115.00; -117.25; -115.25; -116.50; -117.50; -116.75; -116.50; -117.25; -116.75; -115.75; -114.25; -115.75; -116.00; -115.25; -116.50; -116.25; -116.75; -114.25; -108.00; -113.25; -116.00; -105.75; -114.25; -114.25; -114.25; -116.25; -114.00; -116.00; -115.25; -116.25; -116.00; -111.25; -117.50; -116.00; -114.25; -114.25; -117.25; -116.75; -116.50; -116.75; -120.25; -108.50; -117.75; -118.75; -116.50; -114.50; -115.50; -116.50; -117.00; -117.50; -118.00; -114.25; -117.25; -117.75; -117.75; -118.00; -120.00; -118.75; -117.25; -117.00; -111.75; -102.25; -101.50; -99.75; -102.00; -105.00]
[-107.75; -107.75; -107.75; -111.75; -112.50; -113.25; -112.50; -112.50; -113.25; -113.25; -106.75; -97.75; -112.75; -114.00; -112.00; -105.50; -106.25; -112.75; -113.50; -114.75; -112.75; -114.75; -116.50; -114.75; -116.75; -116.25; -114.25; -116.00; -117.50; -116.50; -117.00; -115.75; -115.50; -114.25; -117.00; -116.00; -115.50; -115.00; -114.75; -116.00; -117.00; -116.50; -116.50; -117.25; -114.00; -113.75; -116.00; -115.00; -115.50; -115.25; -115.75; -116.50; -114.25; -114.50; -111.00; -115.00; -115.75; -113.50; -115.50; -115.50; -116.75; -115.50; -116.25; -117.50; -114.75; -115.25; -113.25; -115.50; -115.50; -116.75; -113.25; -118.25; -118.25; -119.00; -116.75; -117.50; -118.25; -118.25; -114.75; -119.00; -117.50; -116.75; -116.00; -118.25; -119.75; -119.00; -116.25; -118.25; -119.00; -117.50; -119.75; -118.25; -118.25; -119.00; -118.25; -111.25; -102.75; -107.00; -101.50; -102.75; -106.75]
[-112.75; -113.00; -113.50; -111.75; -114.25; -115.00; -113.75; -113.75; -93.00; -113.75; -106.75; -111.50; -111.50; -115.00; -98.75; -109.00; -114.75; -115.00; -114.00; -115.00; -114.25; -115.00; -115.75; -116.50; -116.00; -115.00; -114.25; -117.00; -116.75; -116.75; -117.25; -115.25; -114.25; -116.50; -114.75; -117.25; -116.00; -115.00; -116.50; -115.75; -115.00; -116.50; -116.75; -114.75; -117.00; -113.25; -115.50; -116.50; -115.75; -115.75; -116.75; -117.25; -114.25; -114.75; -113.25; -114.25; -114.25; -115.00; -115.00; -116.25; -101.00; -112.50; -114.75; -115.25; -114.50; -115.75; -113.50; -116.00; -116.25; -117.75; -114.50; -114.50; -118.50; -118.50; -116.00; -116.50; -119.50; -118.75; -116.75; -117.25; -118.00; -116.75; -116.00; -118.50; -118.75; -118.50; -120.75; -119.25; -116.25; -118.00; -117.25; -119.25; -117.25; -117.50; -118.00; -111.75; -102.75; -105.00; -100.75; -102.75; -106.75]
[-113.75; -111.50; -111.00; -113.25; -111.25; -111.50; -113.00; -114.75; -113.75; -113.75; -106.75; -112.00; -114.75; -111.50; -111.75; -115.25; -96.25; -113.50; -115.25; -115.25; -114.25; -117.00; -117.00; -116.00; -114.25; -113.75; -115.75; -114.25; -114.00; -117.25; -114.75; -114.25; -117.25; -116.00; -114.75; -117.50; -116.25; -116.00; -116.50; -117.50; -118.00; -115.75; -115.50; -117.25; -115.75; -114.25; -116.50; -116.75; -115.25; -114.25; -115.75; -115.50; -89.00; -94.00; -89.75; -115.25; -113.50; -114.25; -115.00; -114.25; -115.00; -112.00; -113.50; -113.50; -114.25; -111.25; -112.75; -114.25; -114.25; -115.00; -112.75; -115.00; -115.00; -114.25; -115.00; -115.00; -115.00; -115.00; -115.00; -117.50; -116.75; -117.00; -117.25; -118.00; -115.25; -119.50; -119.50; -116.00; -120.25; -119.50; -118.00; -118.25; -116.75; -118.25; -118.25; -114.25; -103.00; -104.25; -98.50; -103.00; -105.50]
[-113.00; -110.75; -113.50; -110.75; -111.25; -114.25; -111.50; -113.50; -114.25; -111.50; -105.75; -114.25; -112.50; -112.25; -115.75; -114.00; -113.75; -114.00; -112.50; -115.00; -114.25; -112.50; -110.50; -114.25; -115.00; -117.25; -115.25; -113.00; -117.25; -116.00; -115.00; -116.25; -117.25; -115.75; -117.25; -114.25; -117.25; -114.50; -115.50; -116.75; -115.50; -114.50; -117.25; -117.00; -113.75; -114.25; -115.75; -115.50; -115.50; -114.50; -114.00; -115.75; -105.00; -112.75; -113.50; -116.75; -114.00; -118.00; -115.50; -110.75; -117.00; -113.75; -111.25; -115.50; -115.25; -114.75; -111.00; -115.75; -116.50; -117.50; -114.00; -116.75; -118.00; -118.00; -118.00; -118.75; -114.75; -117.50; -117.75; -115.75; -118.50; -115.75; -112.75; -117.50; -118.00; -117.50; -117.50; -118.00; -119.50; -118.75; -117.00; -120.00; -118.50; -114.75; -118.50; -112.00; -104.50; -105.25; -99.75; -93.75; -106.25]
[-114.00; -113.00; -114.25; -111.00; -111.00; -114.25; -111.75; -112.75; -115.50; -113.25; -106.75; -114.25; -112.00; -112.75; -115.00; -112.75; -110.50; -115.75; -114.75; -113.25; -115.50; -116.25; -114.75; -115.50; -114.50; -117.25; -114.25; -114.25; -117.00; -114.25; -114.25; -115.25; -114.25; -114.50; -115.75; -114.25; -114.50; -117.00; -115.00; -115.25; -116.00; -116.50; -114.75; -117.25; -116.25; -112.50; -115.25; -115.00; -117.00; -114.50; -116.00; -118.00; -103.25; -112.75; -102.50; -114.25; -113.50; -114.25; -112.75; -107.75; -115.00; -112.75; -113.50; -112.75; -113.50; -114.25; -112.00; -114.25; -113.50; -115.00; -113.50; -115.00; -115.00; -115.00; -115.00; -114.25; -115.00; -115.00; -115.00; -115.00; -115.00; -114.25; -112.00; -115.00; -115.00; -114.25; -115.00; -115.00; -115.00; -115.00; -115.00; -115.00; -115.00; -115.00; -115.00; -112.75; -97.25; -101.25; -105.25; -102.50; -107.00]
[-110.75; -113.50; -112.25; -112.75; -114.25; -112.25; -114.00; -114.25; -113.50; -109.75; -106.25; -115.00; -112.25; -112.00; -104.50; -114.50; -99.00; -113.25; -111.25; -113.50; -114.75; -116.25; -113.50; -111.75; -116.25; -115.50; -115.50; -115.50; -114.75; -117.00; -115.50; -114.75; -117.00; -115.50; -116.25; -118.50; -115.50; -116.25; -116.25; -115.50; -117.00; -117.00; -116.25; -117.00; -114.75; -114.00; -117.75; -115.50; -117.00; -116.25; -114.75; -115.50; -114.75; -114.00; -111.75; -117.25; -114.25; -108.75; -112.75; -114.25; -114.75; -115.50; -117.00; -114.75; -116.75; -116.50; -112.75; -114.25; -116.00; -118.75; -112.75; -114.50; -118.00; -118.50; -117.00; -119.25; -119.50; -118.75; -117.75; -117.25; -117.50; -111.50; -115.75; -118.50; -117.50; -115.00; -117.50; -117.50; -117.00; -119.50; -117.25; -117.75; -118.75; -118.50; -118.75; -112.00; -104.25; -105.25; -103.00; -99.75; -106.25]
[-113.50; -113.00; -112.00; -113.50; -114.00; -111.25; -114.25; -112.00; -113.50; -114.50; -106.75; -113.50; -112.50; -115.25; -114.25; -116.50; -93.25; -114.75; -115.75; -113.75; -113.25; -115.00; -114.25; -117.00; -116.75; -114.25; -113.75; -116.25; -116.00; -116.75; -114.75; -115.00; -116.25; -114.75; -114.00; -117.75; -117.00; -116.25; -117.50; -116.00; -116.75; -115.50; -115.00; -117.25; -115.00; -113.75; -113.75; -114.50; -114.00; -116.00; -116.50; -115.00; -106.25; -110.00; -112.75; -116.75; -114.25; -115.50; -115.75; -115.50; -118.00; -115.25; -113.00; -113.00; -116.00; -113.00; -113.25; -115.75; -116.50; -119.50; -113.75; -118.00; -116.75; -116.00; -117.50; -116.75; -115.25; -118.25; -118.75; -118.75; -117.50; -116.50; -116.75; -118.00; -117.25; -118.25; -117.50; -114.50; -118.75; -119.50; -116.75; -120.25; -117.25; -118.75; -118.25; -110.75; -104.75; -102.25; -102.50; -101.50; -106.00]
[-114.00; -111.25; -113.75; -113.50; -112.75; -113.50; -115.00; -113.00; -114.75; -114.75; -106.75; -114.00; -111.50; -113.75; -114.25; -112.50; -99.00; -114.75; -112.00; -111.75; -115.75; -113.75; -115.00; -118.25; -116.25; -116.00; -116.50; -116.25; -117.75; -115.25; -114.25; -116.00; -114.50; -114.75; -117.50; -116.75; -116.00; -117.00; -116.25; -117.50; -116.50; -115.50; -113.25; -117.75; -116.25; -113.25; -116.25; -116.75; -116.25; -117.50; -115.75; -115.00; -101.25; -114.75; -114.50; -116.25; -110.25; -114.00; -116.00; -107.75; -116.50; -111.25; -114.25; -114.00; -115.00; -114.25; -112.75; -116.25; -116.25; -117.50; -114.25; -115.00; -117.25; -117.50; -118.00; -117.75; -117.25; -118.75; -119.25; -118.75; -118.50; -116.75; -116.25; -117.75; -116.50; -117.50; -119.25; -118.50; -116.75; -119.25; -117.75; -118.50; -118.50; -120.00; -118.00; -111.25; -103.50; -105.25; -105.25; -100.75; -107.00]
[-109.75; -113.75; -111.25; -110.00; -113.75; -111.25; -110.25; -115.00; -111.25; -111.75; -106.75; -113.50; -112.25; -114.25; -112.00; -114.25; -99.00; -115.00; -113.50; -115.75; -114.50; -115.50; -114.25; -111.50; -117.00; -115.50; -111.75; -115.50; -114.00; -115.50; -115.50; -115.50; -117.00; -115.75; -115.00; -116.75; -115.00; -112.25; -116.75; -115.25; -116.75; -116.00; -116.50; -115.25; -116.50; -112.25; -117.00; -114.25; -116.25; -115.00; -116.50; -114.25; -115.75; -113.75; -113.00; -116.25; -113.00; -117.25; -117.00; -114.50; -115.25; -114.50; -114.50; -115.25; -114.50; -114.50; -115.25; -115.25; -113.75; -115.25; -113.75; -115.25; -115.25; -115.25; -115.25; -116.00; -115.25; -116.00; -116.00; -116.00; -115.25; -115.25; -115.25; -115.25; -115.25; -115.25; -115.25; -116.00; -116.00; -115.25; -116.00; -116.00; -115.25; -116.00; -116.00; -111.50; -102.50; -101.00; -95.75; -100.25; -105.25]
[-113.25; -114.00; -114.50; -112.00; -112.00; -113.75; -113.75; -112.25; -114.75; -113.50; -106.75; -114.25; -114.25; -99.00; -99.75; -113.50; -115.75; -114.25; -107.00; -115.50; -114.25; -112.25; -115.75; -114.50; -112.25; -116.50; -114.25; -117.25; -117.25; -115.75; -115.00; -117.00; -116.00; -117.25; -116.50; -116.00; -116.50; -115.75; -115.50; -116.75; -115.00; -114.25; -117.50; -116.25; -116.75; -114.25; -116.00; -116.50; -116.00; -117.00; -116.50; -114.25; -114.25; -107.00; -112.00; -115.00; -103.00; -115.00; -114.25; -115.75; -113.00; -112.25; -115.25; -114.50; -116.00; -115.25; -113.00; -116.75; -116.00; -117.50; -115.25; -117.50; -115.25; -117.50; -116.75; -115.25; -117.50; -117.50; -117.50; -117.50; -118.25; -116.75; -115.25; -117.50; -117.50; -117.50; -117.50; -114.50; -118.25; -117.50; -114.50; -119.00; -116.75; -117.50; -117.50; -113.25; -103.00; -103.75; -101.50; -99.50; -104.50]
[-113.75; -111.25; -110.75; -113.50; -113.50; -112.50; -114.00; -113.00; -111.25; -114.75; -106.00; -111.50; -116.75; -111.50; -112.00; -115.75; -113.75; -113.75; -116.00; -114.25; -115.75; -117.25; -113.75; -116.00; -116.75; -115.50; -113.50; -116.50; -114.25; -112.75; -116.50; -115.75; -116.00; -113.50; -113.00; -116.50; -115.50; -115.50; -117.00; -116.75; -115.25; -116.50; -116.50; -115.75; -116.50; -112.50; -116.50; -113.50; -114.75; -117.00; -116.50; -116.50; -107.50; -115.00; -113.75; -116.50; -114.00; -118.00; -111.25; -114.75; -118.25; -113.50; -116.00; -115.50; -115.50; -113.00; -113.50; -113.25; -116.25; -116.00; -114.50; -118.25; -118.25; -118.25; -118.25; -116.75; -118.25; -117.50; -119.00; -117.50; -116.75; -114.75; -116.00; -118.25; -119.00; -118.25; -119.00; -114.00; -116.75; -119.00; -113.25; -117.50; -116.00; -117.50; -119.00; -110.25; -103.25; -104.50; -101.75; -101.00; -105.50]
[-113.75; -112.75; -111.25; -113.50; -113.75; -113.75; -114.25; -112.75; -110.50; -114.00; -106.25; -112.00; -114.50; -114.00; -108.75; -116.50; -113.50; -113.50; -109.25; -113.50; -112.00; -115.75; -113.50; -111.75; -116.50; -114.25; -112.75; -116.00; -114.75; -114.75; -117.00; -114.00; -114.00; -117.75; -114.25; -114.00; -116.25; -117.75; -116.25; -116.25; -117.00; -116.25; -117.00; -113.50; -114.75; -113.50; -114.75; -117.00; -117.00; -115.50; -116.25; -116.25; -109.50; -114.00; -114.00; -116.00; -112.25; -115.25; -116.00; -110.50; -112.25; -113.00; -113.00; -112.25; -113.00; -113.00; -112.25; -113.00; -113.00; -113.75; -112.25; -113.00; -113.00; -113.00; -113.00; -113.75; -113.00; -113.00; -113.75; -112.25; -113.00; -113.00; -112.25; -113.00; -113.00; -113.00; -113.75; -113.75; -113.75; -113.75; -113.00; -113.75; -113.00; -113.75; -113.00; -108.50; -103.50; -98.25; -103.25; -98.75; -99.00]
[-110.75; -112.25; -110.75; -110.75; -112.25; -111.00; -112.00; -112.00; -111.25; -111.25; -106.25; -112.00; -112.00; -112.00; -112.00; -111.25; -99.25; -112.00; -101.50; -116.00; -114.75; -113.25; -115.75; -114.00; -114.75; -116.00; -114.50; -116.75; -116.50; -113.00; -116.25; -104.75; -114.25; -116.75; -116.25; -117.00; -117.00; -115.75; -116.50; -115.75; -116.00; -117.00; -116.75; -116.50; -116.50; -114.25; -115.25; -114.25; -116.25; -114.25; -116.00; -116.50; -115.00; -115.75; -114.25; -117.00; -110.75; -114.25; -116.50; -110.25; -115.50; -116.00; -115.50; -112.50; -119.00; -114.00; -114.50; -116.75; -116.25; -118.25; -114.00; -114.50; -119.00; -117.50; -117.50; -119.00; -118.25; -119.00; -118.25; -117.50; -118.25; -116.25; -117.50; -118.25; -119.75; -117.50; -118.25; -118.25; -119.00; -118.25; -117.50; -119.00; -119.00; -117.50; -117.50; -109.50; -104.00; -96.75; -95.25; -93.50; -105.50]
[-113.25; -111.25; -112.75; -112.75; -114.50; -114.25; -115.25; -112.00; -112.00; -115.00; -106.50; -111.50; -114.75; -102.75; -116.00; -114.50; -91.00; -115.00; -107.50; -112.25; -115.25; -112.75; -114.75; -116.75; -115.50; -115.00; -117.00; -115.00; -117.50; -115.75; -116.25; -116.75; -112.75; -114.25; -116.50; -115.50; -115.75; -116.75; -116.00; -113.25; -117.00; -116.50; -117.00; -117.25; -117.75; -115.75; -116.50; -115.50; -117.25; -115.50; -114.75; -117.00; -114.75; -108.50; -114.25; -115.75; -115.75; -114.75; -113.75; -116.25; -117.25; -111.75; -116.00; -113.50; -115.00; -113.50; -111.75; -116.50; -117.00; -117.75; -114.25; -118.75; -114.25; -117.50; -118.00; -117.00; -118.00; -118.50; -115.25; -118.75; -116.75; -117.00; -116.75; -117.25; -118.00; -118.00; -116.50; -118.50; -117.75; -117.75; -118.00; -118.75; -114.75; -119.50; -118.75; -112.50; -99.25; -105.25; -103.00; -102.25; -105.50]
[-112.25; -112.75; -113.50; -112.50; -111.00; -114.50; -114.75; -111.50; -114.00; -111.75; -106.50; -114.50; -114.75; -108.75; -115.00; -113.00; -97.00; -115.00; -96.25; -116.00; -115.25; -115.75; -115.50; -116.25; -112.75; -117.00; -116.25; -115.50; -117.75; -116.25; -114.00; -112.00; -114.25; -114.75; -117.00; -117.00; -117.00; -116.25; -115.50; -114.75; -116.25; -117.00; -114.75; -117.00; -116.25; -112.00; -117.00; -116.25; -115.50; -115.50; -114.00; -117.00; -107.00; -114.00; -113.75; -114.25; -113.50; -117.25; -115.00; -114.75; -119.50; -111.50; -116.75; -113.50; -114.50; -116.25; -115.00; -115.50; -117.25; -117.50; -113.50; -117.25; -117.75; -117.75; -119.25; -114.25; -118.50; -118.50; -117.25; -118.00; -116.75; -117.00; -116.50; -114.25; -118.50; -119.50; -117.75; -119.50; -117.25; -118.75; -117.75; -117.50; -118.00; -120.00; -116.50; -110.50; -101.75; -100.00; -103.00; -102.75; -106.50]
[-111.25; -113.25; -113.75; -111.25; -114.75; -114.50; -112.50; -114.75; -113.50; -111.75; -106.50; -115.50; -111.50; -115.75; -114.50; -112.75; -115.50; -114.75; -113.25; -115.75; -113.00; -114.00; -115.75; -113.75; -114.75; -116.25; -113.50; -116.75; -117.00; -115.75; -117.25; -114.25; -114.50; -117.25; -114.75; -115.75; -116.50; -114.00; -117.25; -115.75; -116.50; -117.25; -115.75; -116.50; -116.50; -112.75; -117.25; -114.00; -115.75; -117.00; -115.75; -116.25; -114.75; -114.75; -113.00; -116.00; -108.50; -108.75; -113.00; -108.75; -118.25; -113.50; -113.75; -113.25; -116.75; -112.25; -114.75; -116.75; -115.50; -117.50; -113.25; -116.00; -116.75; -116.75; -118.25; -118.25; -118.25; -118.25; -119.00; -119.00; -118.25; -116.75; -116.75; -118.25; -114.75; -120.50; -118.25; -119.75; -119.75; -117.50; -119.75; -118.25; -116.75; -119.00; -119.75; -114.50; -104.25; -105.50; -104.00; -101.50; -105.00]
[-113.75; -110.50; -111.75; -113.50; -113.75; -111.25; -114.00; -111.25; -110.75; -114.75; -105.75; -111.75; -115.50; -107.00; -112.75; -113.75; -113.50; -112.75; -115.00; -112.25; -113.00; -116.50; -116.50; -114.75; -114.25; -114.25; -116.50; -114.25; -114.25; -116.50; -115.50; -116.25; -116.50; -114.75; -116.50; -115.00; -116.50; -116.00; -116.75; -114.75; -117.50; -114.75; -115.25; -117.50; -113.50; -114.00; -116.50; -116.00; -117.00; -116.50; -116.50; -117.25; -116.50; -114.25; -114.75; -114.50; -107.50; -115.25; -111.00; -111.00; -111.75; -110.25; -111.00; -110.25; -110.25; -111.00; -111.00; -111.00; -111.75; -111.75; -111.00; -111.75; -111.75; -111.75; -111.75; -111.75; -111.75; -111.75; -111.75; -111.00; -111.75; -111.75; -111.00; -111.75; -111.75; -111.75; -111.75; -111.75; -111.75; -111.75; -111.00; -111.75; -111.75; -111.00; -111.75; -110.25; -93.50; -93.25; -92.75; -91.75; -99.00]
[-111.75; -113.50; -110.50; -112.75; -112.75; -114.25; -114.75; -113.50; -114.50; -114.25; -106.75; -112.00; -114.50; -115.25; -112.50; -112.25; -115.50; -112.75; -115.50; -116.75; -112.25; -113.75; -117.25; -115.25; -116.50; -116.50; -114.25; -116.75; -114.50; -116.00; -118.00; -115.25; -115.50; -117.50; -114.00; -116.25; -117.25; -115.75; -117.50; -116.75; -117.25; -116.75; -114.25; -115.50; -117.25; -111.25; -116.75; -117.25; -116.50; -116.50; -114.75; -118.00; -115.00; -114.25; -113.00; -111.00; -106.25; -114.50; -116.50; -108.50; -117.25; -112.75; -115.75; -115.00; -115.00; -112.75; -113.50; -115.75; -115.75; -117.25; -112.75; -117.25; -117.25; -114.25; -116.50; -117.25; -117.25; -117.25; -117.25; -116.50; -117.25; -116.50; -116.00; -117.25; -117.25; -117.25; -118.50; -118.25; -119.50; -118.75; -118.00; -117.50; -117.50; -120.00; -117.50; -111.75; -105.50; -97.50; -100.50; -94.00; -106.75]
[-110.00; -114.25; -111.25; -113.50; -114.25; -112.00; -114.25; -114.25; -113.50; -114.25; -107.00; -114.25; -115.25; -112.25; -100.75; -114.25; -100.00; -114.75; -105.25; -113.50; -113.25; -115.50; -112.00; -113.50; -116.75; -115.50; -113.75; -117.00; -115.75; -116.50; -117.50; -115.50; -116.50; -115.75; -116.75; -116.25; -116.75; -114.50; -117.50; -116.25; -116.50; -118.25; -116.75; -119.00; -114.50; -113.75; -116.00; -114.50; -115.25; -118.25; -114.00; -116.25; -115.25; -113.00; -112.50; -114.25; -112.75; -117.75; -118.50; -117.00; -114.75; -111.50; -114.75; -115.25; -114.25; -112.75; -114.75; -114.25; -116.25; -118.00; -112.00; -118.00; -117.75; -118.00; -118.50; -118.50; -118.75; -117.50; -118.00; -117.75; -118.00; -115.75; -115.75; -118.50; -114.00; -117.25; -118.75; -118.75; -118.75; -117.75; -116.00; -120.00; -117.50; -120.00; -118.00; -112.50; -93.50; -104.50; -103.25; -95.25; -106.00]
[-114.00; -114.25; -111.25; -113.75; -114.75; -112.25; -114.25; -112.75; -114.00; -112.75; -106.00; -114.75; -114.50; -114.25; -114.25; -111.75; -115.75; -113.25; -113.50; -115.00; -112.00; -116.50; -117.25; -116.75; -116.50; -117.00; -114.25; -116.50; -116.50; -114.50; -118.00; -116.00; -115.25; -116.50; -113.25; -114.25; -117.25; -115.25; -116.50; -117.00; -116.00; -117.00; -116.50; -116.50; -114.75; -115.00; -117.25; -115.75; -117.25; -115.00; -116.50; -115.75; -115.00; -115.00; -113.50; -116.75; -114.25; -114.00; -116.25; -115.50; -116.25; -113.25; -114.75; -112.75; -116.25; -114.25; -111.25; -114.75; -116.25; -117.00; -114.25; -117.75; -116.25; -117.00; -117.00; -117.00; -117.75; -114.75; -117.75; -117.75; -114.75; -116.25; -116.50; -114.00; -119.50; -117.75; -118.00; -117.75; -119.50; -117.25; -118.75; -118.75; -117.50; -117.50; -114.25; -114.00; -103.50; -105.75; -102.00; -99.50; -106.50]
[-113.50; -113.25; -113.25; -112.75; -111.50; -113.25; -114.00; -113.25; -112.50; -114.50; -106.50; -114.75; -115.75; -115.75; -116.00; -113.75; -113.50; -114.75; -112.75; -114.00; -114.75; -116.00; -114.25; -114.75; -114.50; -115.75; -116.50; -114.50; -115.75; -117.75; -116.75; -100.25; -115.75; -114.75; -115.00; -117.00; -115.75; -117.50; -114.25; -115.25; -118.50; -116.50; -117.00; -116.75; -116.75; -113.75; -117.00; -115.25; -117.00; -113.00; -115.25; -111.75; -113.75; -101.00; -106.75; -115.25; -111.00; -109.00; -116.00; -113.25; -117.50; -113.00; -116.00; -112.25; -114.50; -115.25; -113.25; -116.75; -116.00; -117.50; -113.75; -117.50; -118.00; -117.25; -114.00; -116.75; -117.50; -117.00; -118.75; -117.50; -117.00; -116.00; -116.75; -117.50; -117.25; -118.00; -117.50; -119.50; -116.00; -117.75; -117.50; -116.75; -118.75; -120.75; -117.25; -114.50; -91.50; -96.25; -97.00; -99.25; -98.50]
[-113.25; -111.25; -112.75; -113.50; -113.00; -113.00; -115.00; -113.75; -114.25; -114.00; -106.75; -114.25; -114.75; -114.25; -115.00; -114.75; -115.00; -115.25; -109.50; -116.50; -115.75; -111.50; -113.50; -118.00; -115.25; -117.75; -116.00; -116.00; -117.25; -117.25; -115.00; -116.25; -113.50; -117.00; -116.75; -115.75; -115.75; -115.75; -112.50; -116.50; -117.25; -117.00; -115.75; -118.50; -117.00; -115.25; -116.00; -116.00; -115.75; -117.25; -113.50; -116.25; -115.75; -115.00; -114.00; -116.00; -108.25; -115.00; -112.50; -110.25; -119.50; -112.25; -116.00; -113.75; -115.00; -113.50; -116.50; -113.50; -114.75; -118.00; -113.50; -118.25; -118.00; -117.75; -117.50; -117.75; -117.75; -119.25; -117.00; -116.50; -117.25; -115.75; -115.25; -118.50; -116.50; -119.50; -119.25; -116.50; -118.00; -119.25; -116.25; -117.25; -118.00; -117.00; -117.75; -112.75; -97.00; -105.75; -95.25; -100.50; -105.00]
[-113.50; -112.25; -112.25; -112.00; -114.25; -110.50; -111.00; -114.25; -111.25; -111.50; -107.00; -111.25; -114.75; -115.25; -114.75; -115.50; -112.75; -112.00; -116.00; -115.25; -113.50; -115.75; -112.75; -114.25; -116.75; -117.25; -117.25; -116.75; -116.75; -116.50; -116.00; -115.75; -118.00; -114.25; -114.75; -116.25; -116.25; -115.00; -117.75; -114.75; -117.00; -114.25; -116.50; -116.50; -113.75; -114.50; -117.50; -115.75; -117.00; -117.25; -113.50; -112.75; -116.25; -112.50; -114.25; -116.50; -113.00; -117.50; -116.25; -114.75; -117.75; -112.75; -113.50; -113.75; -114.25; -113.00; -112.75; -114.25; -116.50; -117.00; -112.00; -116.75; -117.50; -117.50; -117.25; -116.75; -120.75; -118.75; -119.50; -116.50; -116.50; -115.75; -114.25; -117.25; -120.25; -119.50; -119.25; -118.50; -116.50; -119.25; -117.25; -119.25; -117.50; -116.00; -117.75; -113.00; -101.50; -102.00; -100.50; -98.75; -105.00]
[-111.00; -113.50; -111.00; -113.50; -114.00; -111.75; -114.50; -114.25; -113.50; -115.25; -106.25; -114.25; -115.75; -113.00; -111.75; -115.00; -114.25; -113.00; -101.00; -116.00; -115.75; -116.75; -115.25; -116.00; -115.50; -116.75; -116.50; -113.75; -114.50; -117.25; -114.00; -115.75; -117.25; -116.75; -117.25; -116.50; -116.50; -117.50; -114.25; -115.50; -117.00; -115.50; -115.75; -116.50; -113.50; -113.50; -115.50; -115.25; -114.75; -115.75; -114.25; -110.50; -115.75; -115.25; -114.25; -116.50; -111.00; -114.75; -114.00; -115.75; -117.00; -115.75; -116.25; -112.75; -114.75; -114.75; -111.25; -116.75; -115.75; -118.00; -114.00; -117.50; -117.25; -116.50; -118.00; -115.75; -119.25; -119.50; -119.50; -117.25; -116.50; -116.00; -116.50; -117.25; -117.75; -117.00; -115.75; -118.50; -119.25; -117.25; -117.25; -117.75; -119.25; -118.50; -114.75; -112.75; -103.75; -97.75; -97.75; -93.25; -95.50]
[-113.50; -113.00; -112.50; -113.50; -111.25; -113.50; -111.50; -113.50; -113.25; -112.00; -106.25; -114.75; -112.25; -115.00; -114.25; -114.75; -112.75; -115.00; -114.75; -117.25; -115.75; -114.75; -115.25; -116.25; -114.00; -115.50; -116.50; -114.75; -116.25; -116.50; -114.50; -114.50; -117.00; -116.50; -115.00; -116.75; -116.50; -117.25; -116.50; -116.50; -117.00; -115.50; -117.00; -117.75; -113.50; -114.50; -115.00; -112.75; -116.50; -114.25; -116.00; -116.75; -114.25; -105.00; -114.25; -116.50; -108.00; -111.00; -115.50; -110.25; -114.75; -113.50; -114.75; -113.75; -115.25; -115.00; -114.25; -118.00; -116.25; -117.00; -114.25; -117.00; -114.50; -117.25; -116.50; -116.50; -117.25; -117.25; -118.00; -117.25; -119.50; -116.25; -114.75; -119.25; -118.00; -117.00; -118.00; -118.50; -120.00; -114.25; -118.00; -118.75; -117.25; -117.75; -118.00; -113.50; -98.75; -99.25; -103.75; -103.75; -105.75]
[-113.50; -112.75; -112.75; -112.50; -113.00; -112.25; -110.75; -114.50; -111.75; -111.75; -106.75; -113.50; -115.50; -113.50; -114.25; -116.25; -112.50; -113.50; -114.75; -113.50; -112.75; -115.75; -114.25; -117.25; -115.00; -115.25; -116.50; -115.25; -116.50; -116.25; -114.75; -116.25; -116.50; -114.25; -116.50; -116.25; -117.00; -117.25; -116.25; -115.75; -117.25; -114.25; -116.25; -117.25; -114.50; -114.25; -117.25; -115.75; -115.00; -116.75; -116.50; -115.75; -115.25; -114.25; -112.75; -112.00; -112.00; -111.25; -112.00; -112.00; -112.00; -111.25; -112.00; -112.00; -112.00; -112.00; -112.00; -112.00; -112.00; -112.00; -111.25; -112.00; -112.75; -112.00; -112.75; -112.25; -112.75; -112.00; -112.00; -112.75; -112.75; -112.00; -112.00; -112.75; -112.00; -112.75; -112.75; -112.00; -112.75; -112.75; -112.75; -112.00; -112.00; -112.75; -112.00; -109.75; -102.25; -91.25; -102.50; -102.00; -96.50]
[-110.75; -113.75; -113.00; -108.25; -111.00; -113.50; -111.25; -110.50; -113.50; -112.75; -105.75; -114.25; -111.25; -112.00; -113.50; -114.25; -113.50; -114.25; -114.25; -114.25; -113.50; -114.25; -113.50; -114.25; -113.50; -114.25; -114.25; -114.25; -114.25; -114.25; -114.25; -113.50; -114.25; -114.25; -114.25; -115.00; -113.50; -113.50; -115.00; -114.25; -113.50; -114.25; -113.50; -114.25; -114.25; -113.50; -114.25; -113.50; -114.25; -115.00; -114.25; -114.25; -114.25; -113.50; -90.00; -113.50; -108.50; -114.25; -114.25; -114.25; -115.00; -112.00; -113.50; -113.50; -114.25; -113.50; -114.25; -114.25; -114.25; -115.00; -112.75; -115.00; -115.00; -115.00; -115.00; -104.75; -104.75; -104.75; -104.75; -104.75; -104.75; -104.75; -114.25; -115.00; -114.25; -115.00; -115.00; -115.00; -115.00; -115.00; -115.00; -115.00; -114.25; -114.25; -115.00; -109.75; -104.75; -100.00; -103.75; -102.50; -107.50]
[-112.50; -114.25; -112.50; -113.00; -114.50; -114.00; -111.75; -115.00; -113.50; -112.75; -107.25; -112.00; -112.50; -115.75; -113.50; -112.00; -114.25; -108.50; -114.00; -102.25; -113.25; -116.25; -114.25; -113.50; -116.50; -117.00; -115.25; -116.50; -116.50; -114.50; -117.25; -114.25; -117.50; -116.50; -115.00; -116.75; -115.50; -115.75; -116.75; -116.75; -114.25; -115.00; -114.75; -113.75; -116.75; -113.50; -118.00; -115.75; -115.75; -117.75; -116.00; -116.25; -116.50; -114.25; -112.75; -115.75; -107.50; -113.25; -112.50; -115.00; -103.75; -114.25; -115.25; -114.00; -113.50; -115.50; -117.25; -116.50; -114.75; -117.00; -113.50; -118.75; -115.00; -103.75; -103.75; -106.75; -113.75; -118.50; -117.75; -116.50; -118.00; -116.25; -117.00; -118.50; -118.50; -120.00; -118.50; -119.50; -118.50; -117.50; -114.75; -119.25; -117.00; -118.50; -117.75; -112.75; -104.75; -102.25; -97.00; -98.00; -106.50]
[-113.00; -112.75; -114.25; -112.00; -111.00; -115.25; -108.00; -110.00; -115.75; -112.50; -106.00; -114.50; -114.75; -115.25; -111.25; -113.00; -111.00; -111.00; -110.25; -111.00; -111.00; -111.00; -111.00; -111.00; -111.75; -111.75; -111.00; -111.00; -111.75; -111.00; -111.00; -111.00; -111.00; -111.00; -111.75; -111.00; -111.75; -111.00; -111.00; -111.75; -111.00; -111.00; -111.00; -111.00; -110.25; -111.00; -111.00; -111.00; -111.00; -111.00; -111.75; -110.25; -111.00; -115.50; -111.75; -114.25; -114.75; -110.50; -113.75; -117.25; -117.00; -113.00; -114.75; -113.75; -115.25; -113.75; -114.25; -116.25; -115.25; -116.25; -113.25; -117.50; -118.75; -118.50; -111.75; -105.75; -118.00; -118.75; -118.00; -118.00; -118.00; -117.25; -118.00; -118.00; -118.00; -118.75; -119.50; -115.25; -117.25; -117.25; -117.25; -118.75; -117.25; -118.00; -118.00; -112.25; -93.25; -105.25; -98.75; -98.25; -100.50]
[-113.75; -113.50; -112.25; -114.25; -114.25; -112.00; -115.00; -112.25; -114.50; -114.50; -106.75; -114.25; -115.00; -113.50; -116.00; -112.50; -114.50; -107.50; -115.50; -116.25; -116.00; -114.25; -117.00; -114.25; -114.50; -117.25; -114.75; -114.75; -117.25; -116.75; -118.00; -114.75; -115.75; -117.25; -116.75; -115.25; -117.25; -117.25; -115.75; -114.75; -117.00; -116.75; -117.25; -116.25; -115.75; -114.25; -114.00; -114.75; -116.50; -116.25; -116.00; -117.25; -108.00; -113.25; -108.25; -115.50; -117.25; -115.25; -114.50; -112.75; -117.00; -112.25; -116.25; -115.75; -115.50; -115.75; -112.75; -117.75; -116.25; -116.75; -113.75; -117.00; -117.50; -117.00; -117.50; -117.75; -118.25; -117.00; -116.50; -116.75; -116.25; -116.50; -115.25; -116.00; -119.00; -119.00; -119.75; -117.50; -117.50; -119.00; -117.75; -117.75; -118.50; -117.50; -114.50; -113.50; -103.50; -104.25; -95.50; -102.25; -103.75]
[-105.75; -105.75; -105.75; -105.75; -105.75; -105.75; -110.75; -111.25; -110.50; -115.00; -106.25; -115.00; -115.50; -113.50; -108.00; -116.25; -114.75; -115.00; -99.50; -116.00; -117.25; -114.25; -116.50; -118.50; -115.25; -114.25; -116.75; -116.50; -117.25; -117.25; -116.75; -115.75; -115.75; -116.75; -117.25; -116.50; -112.75; -117.25; -116.50; -117.75; -117.00; -116.00; -115.75; -116.75; -115.75; -114.75; -115.00; -116.50; -117.25; -117.00; -113.00; -116.75; -117.00; -82.00; -112.75; -116.25; -107.50; -111.75; -116.25; -114.00; -118.00; -112.25; -117.50; -112.00; -116.00; -116.50; -117.50; -116.50; -116.00; -118.00; -114.25; -117.25; -118.75; -115.00; -114.25; -117.50; -116.50; -116.25; -118.50; -117.00; -118.25; -116.75; -116.25; -119.25; -118.25; -118.50; -118.50; -118.50; -117.50; -118.50; -117.00; -117.00; -116.25; -117.50; -114.75; -112.75; -102.50; -102.75; -103.00; -100.25; -106.75]
[-110.50; -113.75; -110.50; -107.75; -114.00; -114.00; -111.75; -114.75; -114.75; -111.75; -107.00; -114.75; -114.75; -114.75; -113.00; -113.00; -117.50; -112.75; -112.25; -115.75; -113.50; -115.75; -117.25; -115.75; -116.50; -115.75; -113.50; -116.50; -114.25; -115.75; -116.50; -115.75; -116.50; -116.50; -116.50; -115.75; -116.50; -115.75; -115.75; -116.50; -114.25; -115.75; -116.50; -116.50; -115.75; -113.50; -115.00; -115.75; -114.25; -116.50; -116.50; -117.00; -116.50; -107.75; -114.25; -116.00; -114.75; -113.50; -116.25; -116.50; -117.25; -115.75; -116.00; -116.50; -116.00; -114.25; -114.00; -115.00; -116.00; -118.00; -114.25; -119.50; -118.50; -118.75; -117.75; -116.75; -118.50; -116.50; -115.75; -117.50; -116.50; -115.00; -117.25; -117.75; -117.00; -118.00; -117.75; -118.75; -118.75; -117.25; -118.75; -118.50; -119.50; -119.50; -118.50; -114.00; -106.50; -107.50; -103.75; -101.00; -108.25]
[-111.00; -110.75; -113.50; -109.50; -111.00; -113.25; -112.50; -94.75; -115.75; -112.00; -107.00; -115.00; -111.00; -112.50; -115.50; -110.00; -110.00; -110.00; -110.00; -110.75; -110.00; -110.00; -110.75; -110.75; -110.00; -110.75; -110.75; -110.75; -110.75; -110.00; -110.75; -110.00; -110.00; -110.00; -110.00; -110.00; -110.75; -110.00; -110.75; -110.75; -110.00; -110.75; -110.75; -110.75; -110.75; -110.00; -110.00; -110.75; -110.00; -110.75; -110.75; -91.50; -110.75; -110.00; -110.00; -116.00; -104.00; -116.50; -116.75; -115.50; -116.00; -113.50; -116.25; -115.25; -119.00; -116.75; -116.25; -117.50; -116.00; -118.25; -113.25; -113.25; -118.25; -116.75; -116.25; -119.00; -117.50; -119.75; -119.00; -118.25; -118.25; -116.75; -113.50; -119.00; -118.25; -117.50; -118.25; -119.00; -119.75; -116.75; -117.50; -119.00; -118.25; -117.50; -119.00; -113.50; -103.50; -105.75; -96.75; -95.25; -108.25]
[-114.00; -113.50; -111.25; -113.00; -114.00; -110.75; -110.00; -115.75; -112.00; -113.50; -107.25; -112.00; -112.75; -109.75; -114.25; -114.25; -115.75; -112.25; -115.75; -115.75; -113.75; -116.25; -117.25; -114.00; -115.50; -114.50; -113.50; -116.75; -114.25; -116.75; -117.25; -115.75; -114.50; -116.00; -114.25; -114.50; -116.50; -115.00; -117.25; -114.25; -116.25; -116.50; -115.50; -116.50; -116.75; -114.25; -116.50; -116.50; -115.00; -118.00; -114.25; -115.00; -116.50; -114.25; -113.75; -116.25; -114.75; -117.00; -116.50; -111.00; -117.50; -111.50; -116.00; -114.50; -113.75; -113.75; -111.50; -113.75; -117.50; -116.75; -114.50; -117.50; -117.50; -117.50; -118.25; -117.50; -117.50; -118.25; -116.75; -118.25; -117.50; -116.75; -117.50; -116.75; -115.25; -117.50; -116.75; -117.50; -118.25; -117.50; -116.75; -118.25; -116.75; -117.50; -116.75; -111.00; -103.50; -106.25; -101.00; -101.75; -107.50]
[-113.50; -113.50; -113.50; -113.50; -111.75; -114.50; -106.25; -109.00; -109.75; -109.00; -106.75; -108.25; -107.50; -109.00; -109.75; -109.00; -109.75; -115.50; -116.00; -117.50; -114.50; -106.00; -118.25; -114.50; -112.00; -116.00; -114.50; -115.25; -116.75; -117.50; -116.75; -109.50; -113.00; -117.25; -116.50; -113.75; -117.25; -116.75; -116.75; -116.75; -116.50; -115.75; -116.25; -115.00; -117.00; -114.00; -115.25; -116.50; -116.50; -115.75; -116.00; -115.00; -111.00; -111.00; -111.00; -116.00; -111.25; -111.50; -116.25; -114.25; -117.50; -113.75; -116.75; -113.25; -113.25; -113.75; -113.25; -116.75; -114.50; -117.50; -113.25; -115.25; -118.25; -116.00; -117.50; -117.50; -117.50; -118.25; -117.50; -114.50; -118.25; -116.00; -116.00; -117.50; -117.50; -117.50; -118.25; -118.25; -118.25; -117.50; -114.50; -117.50; -116.75; -116.75; -116.75; -111.75; -101.25; -100.50; -98.25; -103.00; -95.75]
[-114.00; -111.25; -110.50; -101.25; -111.50; -112.00; -114.50; -111.25; -115.00; -114.75; -106.75; -102.25; -106.50; -114.75; -85.25; -109.00; -112.75; -116.25; -106.75; -112.50; -114.25; -113.50; -114.25; -116.25; -116.50; -117.00; -117.00; -114.75; -117.00; -114.25; -115.00; -116.50; -116.50; -114.50; -115.75; -116.00; -114.75; -117.00; -116.50; -114.25; -117.25; -115.25; -114.75; -117.50; -116.25; -114.75; -117.50; -116.50; -117.25; -115.00; -114.75; -111.75; -111.00; -111.00; -111.00; -111.00; -111.00; -111.75; -110.25; -111.00; -116.75; -111.50; -116.75; -113.25; -114.50; -115.25; -113.75; -117.50; -117.50; -116.00; -113.75; -118.25; -116.75; -117.50; -117.50; -116.75; -117.50; -118.25; -118.25; -118.25; -117.50; -113.75; -116.75; -116.75; -116.00; -118.25; -117.50; -116.75; -118.25; -116.75; -117.50; -117.50; -117.50; -118.25; -116.00; -113.75; -102.25; -97.75; -96.25; -103.75; -106.75]
[-113.50; -113.25; -114.00; -113.75; -111.75; -109.00; -113.75; -113.50; -114.25; -114.50; -106.75; -115.75; -112.00; -114.75; -116.00; -113.50; -114.25; -116.00; -115.00; -117.25; -116.50; -113.00; -113.00; -112.25; -113.75; -116.00; -115.00; -116.75; -117.50; -117.00; -115.00; -116.25; -114.25; -118.00; -115.75; -112.75; -117.50; -116.00; -113.75; -117.25; -115.25; -115.00; -116.75; -117.25; -116.25; -114.75; -116.50; -117.25; -115.50; -114.50; -115.50; -116.50; -116.75; -115.25; -112.50; -117.25; -113.75; -113.00; -115.00; -115.50; -115.75; -113.50; -116.50; -116.50; -115.75; -115.75; -115.00; -117.25; -115.00; -116.50; -114.25; -117.25; -118.00; -117.25; -114.25; -117.25; -116.50; -116.50; -117.25; -116.50; -115.75; -116.50; -116.50; -118.00; -118.00; -115.75; -117.25; -116.50; -116.50; -117.25; -117.25; -116.50; -117.25; -117.25; -117.25; -113.50; -105.00; -105.75; -98.75; -96.00; -108.00]
[-110.50; -114.00; -111.00; -110.75; -112.50; -110.25; -109.50; -111.00; -111.00; -111.00; -106.50; -111.00; -110.25; -111.00; -111.00; -111.75; -111.00; -111.00; -111.00; -111.00; -111.00; -111.00; -111.00; -111.00; -111.75; -111.00; -111.00; -111.75; -114.50; -115.25; -116.75; -108.75; -116.75; -115.25; -113.75; -116.75; -116.00; -117.50; -116.75; -116.75; -116.00; -115.25; -113.75; -117.50; -116.00; -113.75; -116.00; -116.00; -116.00; -116.75; -116.50; -116.00; -110.00; -116.25; -113.50; -116.00; -115.50; -117.25; -113.00; -115.25; -118.75; -112.00; -117.25; -115.00; -115.25; -115.50; -114.25; -114.75; -115.75; -118.75; -113.00; -117.25; -118.75; -117.25; -116.75; -118.75; -118.25; -118.25; -118.00; -118.00; -117.25; -116.50; -115.50; -118.75; -118.25; -114.50; -118.00; -117.50; -117.50; -118.00; -116.75; -120.25; -118.75; -118.25; -118.00; -114.75; -95.00; -108.50; -104.25; -104.00; -107.25]
[-112.50; -114.50; -111.25; -113.50; -114.25; -108.00; -108.00; -108.75; -108.00; -108.00; -105.75; -111.25; -111.75; -81.50; -106.75; -115.75; -103.75; -103.75; -103.75; -103.75; -103.75; -103.75; -103.75; -103.75; -114.00; -112.50; -114.00; -113.25; -114.00; -114.00; -113.25; -113.25; -114.00; -112.50; -114.00; -114.00; -113.25; -114.00; -113.25; -113.25; -114.00; -113.25; -113.25; -114.00; -114.00; -113.25; -114.00; -113.25; -114.00; -114.00; -113.25; -114.00; -113.25; -107.25; -113.25; -113.25; -113.25; -114.00; -108.25; -107.50; -114.00; -111.75; -114.00; -113.25; -113.25; -113.25; -114.00; -114.00; -114.00; -113.25; -112.50; -114.00; -114.00; -114.00; -114.00; -114.00; -114.00; -114.00; -114.00; -114.00; -116.75; -117.25; -116.25; -114.25; -114.25; -115.00; -114.25; -115.00; -115.00; -114.25; -115.00; -115.00; -115.00; -115.00; -115.00; -112.75; -100.75; -102.25; -105.25; -101.75; -106.25]
[-113.50; -112.25; -113.75; -113.00; -113.75; -115.00; -114.75; -113.50; -112.00; -115.25; -105.75; -116.00; -111.00; -114.75; -115.75; -115.75; -114.00; -113.00; -112.25; -111.50; -113.00; -113.00; -113.00; -113.00; -112.25; -113.00; -113.00; -112.25; -113.00; -113.00; -113.00; -113.00; -113.00; -112.25; -113.00; -113.00; -113.00; -113.00; -113.00; -113.00; -113.00; -112.25; -113.00; -113.00; -113.00; -112.25; -113.00; -113.00; -112.25; -113.00; -113.00; -113.00; -113.00; -112.25; -112.25; -113.00; -113.00; -113.00; -113.00; -110.75; -113.00; -112.25; -113.00; -113.00; -113.00; -113.00; -112.25; -113.00; -113.00; -113.00; -111.50; -113.75; -113.00; -113.00; -113.00; -113.00; -113.75; -113.75; -113.00; -113.00; -113.00; -113.00; -113.00; -113.75; -113.00; -113.75; -113.00; -113.00; -113.00; -113.00; -113.00; -113.00; -113.00; -113.75; -113.00; -110.75; -104.25; -102.00; -100.25; -103.50; -107.00]
[-112.25; -111.50; -111.50; -112.25; -111.50; -110.75; -112.25; -111.50; -111.50; -113.00; -106.25; -112.25; -113.00; -113.00; -112.25; -113.00; -112.25; -112.25; -104.25; -111.75; -116.00; -115.00; -111.25; -112.00; -114.75; -114.75; -117.75; -114.75; -111.00; -111.75; -111.00; -111.00; -111.75; -111.75; -111.00; -111.75; -111.00; -111.00; -111.75; -111.00; -111.00; -111.00; -111.00; -111.75; -111.00; -111.00; -111.00; -111.00; -111.75; -111.00; -111.00; -111.00; -111.00; -108.00; -114.50; -116.00; -112.75; -117.00; -115.25; -115.50; -116.50; -111.50; -117.25; -116.25; -115.75; -115.75; -114.25; -117.50; -115.75; -116.50; -114.25; -117.75; -119.25; -117.50; -117.25; -116.75; -118.00; -117.75; -117.75; -117.50; -117.50; -117.50; -117.75; -114.50; -116.25; -118.75; -115.50; -118.50; -118.50; -117.50; -118.50; -118.75; -116.25; -118.75; -117.25; -113.00; -106.00; -106.25; -99.00; -104.00; -107.25]
[-111.25; -113.25; -114.25; -111.75; -111.25; -115.00; -113.50; -111.50; -114.75; -110.50; -106.75; -115.00; -108.50; -114.00; -115.00; -114.00; -114.75; -114.25; -114.50; -117.25; -114.00; -114.50; -109.75; -109.75; -107.75; -107.75; -115.50; -116.50; -114.75; -115.75; -117.50; -113.75; -117.50; -117.50; -116.75; -115.25; -117.50; -115.25; -115.25; -116.75; -115.25; -116.00; -117.50; -117.50; -116.75; -114.50; -115.25; -116.75; -116.75; -115.50; -116.25; -115.00; -111.25; -109.75; -109.75; -116.25; -115.75; -112.50; -112.75; -115.00; -117.75; -113.25; -114.25; -114.25; -117.00; -115.50; -114.00; -117.00; -115.50; -117.75; -113.50; -117.75; -118.50; -115.50; -118.50; -117.75; -114.75; -117.75; -117.75; -118.50; -118.50; -117.00; -116.25; -117.75; -114.75; -117.75; -117.75; -115.50; -118.50; -118.50; -114.25; -118.50; -118.50; -117.75; -118.50; -112.75; -105.00; -111.50; -104.50; -103.75; -105.75]
[-114.50; -109.75; -112.00; -114.25; -110.50; -114.00; -114.00; -110.25; -111.25; -115.75; -106.75; -114.50; -115.50; -114.25; -114.50; -111.75; -112.75; -115.00; -112.00; -113.00; -114.25; -113.75; -114.25; -117.25; -115.75; -114.25; -116.50; -115.75; -115.25; -117.75; -113.00; -114.00; -117.25; -117.00; -117.25; -116.50; -116.50; -117.00; -115.75; -117.25; -117.00; -116.50; -115.75; -116.50; -113.50; -114.00; -117.25; -115.00; -116.25; -117.00; -116.00; -105.75; -115.75; -116.00; -115.50; -113.75; -114.50; -116.00; -114.50; -115.25; -117.50; -115.25; -116.75; -112.25; -114.50; -116.75; -115.25; -116.00; -116.00; -117.50; -114.50; -113.75; -117.50; -117.50; -117.50; -117.50; -116.75; -117.50; -116.75; -118.25; -117.50; -116.00; -116.00; -116.75; -117.50; -116.75; -118.25; -118.25; -118.25; -117.50; -118.25; -115.25; -117.50; -118.25; -117.50; -113.75; -105.00; -107.75; -105.50; -102.50; -107.75]
[-114.25; -110.75; -113.75; -113.25; -110.50; -111.75; -114.00; -113.50; -112.75; -115.75; -105.75; -112.00; -114.75; -111.50; -116.25; -115.00; -114.75; -116.50; -111.75; -115.00; -116.00; -112.00; -91.25; -116.25; -114.75; -115.50; -116.25; -114.50; -117.25; -114.00; -115.50; -116.50; -113.50; -114.00; -116.50; -115.75; -117.25; -117.25; -116.25; -117.25; -117.00; -115.75; -116.25; -114.75; -117.25; -114.75; -116.25; -114.50; -114.25; -114.50; -116.00; -117.00; -106.25; -115.75; -114.25; -115.75; -116.50; -114.25; -115.00; -115.75; -115.00; -115.75; -115.75; -115.00; -115.75; -115.75; -115.00; -116.50; -116.50; -116.50; -114.25; -116.50; -116.50; -117.25; -115.00; -116.50; -117.25; -115.00; -116.50; -118.00; -116.50; -116.50; -115.75; -117.25; -117.25; -117.25; -116.50; -117.25; -115.00; -116.50; -116.50; -117.25; -117.25; -117.25; -114.25; -110.75; -102.25; -104.25; -103.75; -96.50; -99.25]
[-111.50; -113.50; -114.25; -111.00; -111.50; -115.50; -111.25; -111.50; -114.75; -112.00; -106.25; -116.25; -112.00; -113.75; -115.75; -116.00; -115.75; -100.50; -114.25; -114.25; -113.25; -114.00; -110.50; -98.00; -112.50; -116.50; -116.25; -117.75; -115.00; -117.25; -116.25; -113.75; -117.00; -117.25; -114.00; -115.25; -117.25; -115.00; -117.25; -117.50; -115.75; -116.25; -116.25; -115.00; -114.75; -115.00; -114.25; -116.00; -114.75; -115.75; -116.25; -113.50; -114.75; -114.25; -103.00; -114.25; -108.50; -114.00; -115.50; -114.50; -118.25; -111.50; -114.75; -116.00; -116.75; -116.25; -115.50; -116.75; -118.25; -116.75; -113.75; -117.50; -116.75; -118.25; -118.25; -119.75; -115.50; -117.50; -118.25; -117.50; -118.25; -116.75; -116.25; -118.25; -116.75; -118.25; -118.25; -118.25; -119.00; -119.00; -116.75; -118.25; -119.00; -116.75; -118.25; -112.50; -90.50; -95.50; -101.75; -103.50; -105.25]
[-114.00; -114.00; -114.25; -112.75; -114.25; -115.25; -111.25; -111.25; -113.25; -111.50; -107.00; -112.75; -113.00; -116.25; -114.50; -99.75; -116.00; -111.25; -112.00; -112.00; -112.00; -112.00; -112.00; -116.50; -104.50; -114.75; -114.75; -116.25; -114.75; -114.75; -116.25; -114.75; -114.75; -116.25; -115.50; -116.25; -115.50; -116.25; -115.50; -114.75; -116.25; -116.25; -116.25; -115.50; -116.25; -114.75; -116.25; -114.75; -114.75; -115.50; -115.50; -116.00; -117.25; -115.00; -115.75; -114.25; -116.50; -110.75; -109.50; -112.00; -116.50; -111.25; -115.75; -118.00; -112.50; -113.75; -114.25; -117.50; -114.25; -116.00; -112.50; -117.25; -120.00; -115.25; -118.75; -117.50; -116.50; -117.25; -117.75; -117.50; -117.25; -115.75; -115.75; -117.50; -117.75; -117.50; -117.75; -117.25; -118.75; -117.50; -114.50; -117.75; -118.75; -115.75; -117.75; -112.75; -101.25; -108.25; -102.25; -103.25; -103.75]
[-112.75; -111.25; -113.00; -112.75; -103.00; -114.25; -111.50; -113.75; -113.75; -112.00; -107.25; -115.75; -112.75; -115.50; -115.50; -115.75; -114.50; -115.50; -114.50; -116.75; -115.25; -115.75; -115.75; -115.00; -114.50; -115.25; -114.50; -114.50; -113.75; -114.50; -113.75; -114.50; -113.75; -115.25; -114.50; -115.25; -115.25; -116.00; -115.25; -114.50; -115.25; -115.25; -114.50; -116.00; -115.25; -114.50; -115.25; -114.50; -114.50; -115.25; -105.75; -105.75; -105.75; -105.75; -115.25; -112.00; -114.25; -115.00; -116.25; -114.25; -118.75; -111.75; -116.50; -117.25; -117.25; -115.75; -117.25; -118.75; -113.50; -117.25; -111.25; -118.75; -118.50; -115.00; -111.75; -117.25; -119.25; -118.50; -116.50; -118.75; -118.00; -113.50; -114.75; -116.50; -114.25; -114.75; -116.50; -114.75; -118.50; -120.00; -118.50; -114.75; -117.75; -117.25; -116.00; -112.75; -96.75; -99.25; -100.75; -110.25; -111.25]
[-114.00; -115.00; -117.00; -112.50; -115.00; -117.25; -113.75; -112.25; -113.50; -114.50; -107.00; -115.00; -114.75; -113.25; -115.00; -112.75; -113.75; -114.75; -115.50; -114.00; -113.25; -113.00; -114.75; -112.25; -111.50; -113.00; -113.00; -112.25; -115.50; -112.00; -112.00; -112.00; -111.25; -112.00; -112.00; -112.00; -111.25; -112.75; -112.00; -112.00; -112.00; -112.00; -112.00; -111.25; -111.25; -112.00; -112.00; -111.25; -112.00; -112.00; -112.00; -109.75; -106.25; -112.00; -112.00; -111.25; -112.00; -112.00; -112.00; -112.00; -115.00; -114.50; -115.50; -112.50; -113.50; -114.25; -118.00; -113.00; -115.75; -114.25; -113.75; -116.25; -114.00; -116.50; -115.00; -114.25; -115.75; -118.50; -119.25; -117.25; -117.00; -115.50; -112.00; -117.50; -119.25; -119.50; -120.25; -119.50; -119.50; -120.25; -118.75; -120.25; -120.00; -120.25; -119.50; -114.25; -96.25; -98.50; -108.00; -104.50; -110.50]
[-113.50; -113.50; -112.50; -114.25; -115.75; -115.00; -112.25; -114.50; -116.50; -115.00; -106.75; -116.25; -114.25; -113.25; -113.25; -114.50; -116.25; -113.75; -115.25; -114.50; -115.25; -114.50; -114.50; -114.00; -111.00; -111.75; -106.75; -113.50; -114.75; -117.25; -116.75; -114.25; -118.00; -114.75; -113.50; -116.75; -115.75; -116.50; -117.75; -114.75; -116.50; -116.50; -116.50; -117.00; -117.50; -116.00; -117.75; -117.25; -116.50; -117.25; -117.00; -116.50; -109.75; -116.00; -115.25; -114.50; -117.00; -110.25; -116.50; -115.00; -116.50; -116.50; -114.75; -116.50; -116.50; -117.25; -116.25; -118.75; -117.75; -118.00; -114.00; -117.50; -119.50; -119.25; -117.75; -118.50; -117.75; -119.50; -117.75; -116.00; -107.75; -115.75; -116.75; -117.75; -117.50; -117.25; -115.75; -117.00; -116.75; -119.25; -118.00; -119.25; -118.75; -117.50; -115.00; -114.25; -96.75; -109.25; -102.75; -103.75; -109.75]
[-111.25; -116.00; -114.75; -114.75; -116.75; -111.50; -111.75; -113.50; -114.00; -114.00; -106.75; -116.00; -116.00; -105.75; -105.75; -105.75; -105.75; -105.75; -105.75; -112.50; -113.00; -113.75; -115.50; -115.00; -115.75; -116.50; -114.75; -116.75; -114.50; -114.50; -112.75; -116.50; -116.25; -114.50; -114.75; -116.75; -116.00; -115.00; -115.50; -117.25; -116.50; -117.25; -118.75; -117.75; -116.00; -114.25; -115.50; -114.75; -117.25; -117.25; -116.50; -112.75; -115.50; -114.75; -113.50; -116.50; -104.75; -111.50; -108.25; -108.75; -117.25; -115.00; -115.25; -115.75; -116.50; -117.25; -116.50; -116.50; -114.25; -119.50; -113.50; -117.75; -118.50; -117.75; -117.75; -118.00; -118.50; -117.25; -119.25; -119.50; -118.00; -115.75; -116.00; -117.25; -116.75; -117.50; -118.75; -117.75; -117.75; -117.75; -117.50; -115.00; -116.75; -117.00; -119.50; -113.75; -105.25; -104.75; -106.75; -105.50; -109.75]
[-112.75; -112.50; -112.00; -112.75; -113.50; -114.00; -110.75; -114.50; -113.00; -114.50; -106.50; -114.75; -111.25; -112.00; -112.00; -111.25; -113.50; -115.75; -96.50; -112.75; -110.00; -110.00; -112.25; -112.25; -114.25; -111.00; -116.00; -113.75; -113.00; -110.75; -110.75; -110.75; -117.75; -116.25; -116.50; -116.75; -115.75; -117.75; -116.75; -116.75; -116.75; -117.25; -115.00; -116.75; -116.50; -114.75; -116.75; -117.25; -115.50; -117.25; -116.50; -113.75; -115.00; -115.00; -114.75; -117.25; -115.50; -109.25; -115.25; -109.00; -117.50; -117.25; -117.50; -116.75; -116.50; -115.25; -113.75; -116.00; -115.50; -115.50; -114.50; -117.50; -115.25; -118.75; -118.00; -117.50; -119.50; -119.50; -118.00; -117.50; -118.00; -114.25; -116.75; -118.25; -119.50; -118.75; -118.75; -118.00; -118.75; -118.25; -118.00; -117.50; -116.75; -118.00; -118.25; -115.00; -103.00; -104.00; -105.50; -105.25; -110.50]
